pheno1,rv0003,rv0810_1,rv0033,rv0252,rv0253,rv0301,rv0327,rv0434,a02ga1,rv0913,rv0244,rv0105,rv1391,rv0659,E42M3308,E38M4709,E36M5503,E36M5508,R2953,CDO580,PGI,rv1323a,rv1239a,rv0225a,rv0979a,rv1154a,rv1282a,rv0109,22taga1,17CA1,rv0062,rv0116,rv0037,rv0122,rv0959,LPSSH01A07,M4-136,CDO38,E39M5805,R3349,BCD855,CDO365,C451,CDO1417,E39M4906,E40M5908,M15-185,E36M5510,PSR540,Fp12.1,Fp12.2,FpaFPd,GIGgi1f/1r,rv0009_1,rv1042,13ca1,rv1133,rv1144,rv0154,rv0629,rv1063,rv1131,25ca1,rv1046,14ga1,LPSSRK1a03,LPSSRK1a11,PRO,E38M4712,C949,CDO345,C250,GOT/3,BCD828,WG889,PSR394,F29-1_c3,CDO455,CDO328,C30,E39M4907,rv0992,E42M3311,PSR580,rv0068,rv0454,LpcK2a-1_5/5b,rv0966,rv0684,LpVRN-1_26f/26r(gt),RYE12,PSR922,C746,CO795,rv0380,ADH,fkf,Fp41,rv0074,CDO1380.1,R2702b,CD0938,rv1190,PSR163,E39M4905,E42M3313,rv0190,CDO20,B6105,rv0061,rv0054_1,rv0250,rv0260,rv0184,rv0082,rv0340,rv1112,rv0814,rv0495,rv0757,E40M5907,PSR574,bcd1087,RZ206,CDO1380.2,CDO127,GSY60.2,rv0983b,rv0067,rv0307,rv0449,rv1423,rv0171,rv0196,rv0414,rv0641,rv0739,RYE5,RYE6,RYE14,b6104,CDO718,CDO686,CDO395,CDO542,CDO516,alkInv.1/4,alkInv.2/3,c37,RZ87,M65-1,E39M4908,E41M5712,Lphca17c6_2,b3c5_2,"rv0020_1b,",06g10880_2f/2r,O6g11020_4f/4r,hd3agt,SOC_ga,congt,Lhd3a2f/3r,R1952,S2539,AOSW,b6102b,INV1:2,R2869,CDO545,c764,RZ144,RZ952,GSY60.1,C390,PSR690,Lp10-1La,10-1(FL),LpACT26G8.2_1,LpSSRH01A07_1,rv0785_y,LpACT26G8.1_1,PR37_1,LpACA11H9_1,PR8_1,LpACT15H3_2,RV0161_2,LpACA8B9_2,rv0950_y,RV0756_1,rv0144_y,rv0297_y,rv0985_y,RV1093_2,NFA048_1,LpACA24B4_2,LpACT14C9_2,rv0264_y,rv1254_y,rv1411_y,LpACA11D4_1,RV1171_2,B3B8_1y,RV1390_1
,1,1,1,1,1,1,1,1,1,1,1,1,1,1,1,1,1,1,1,1,1,1,1,1,1,1,1,1,1,1,1,1,1,1,1,1,1,1,1,1,1,1,1,1,1,1,1,1,1,1,1,1,1,1,1,1,1,1,1,1,1,1,1,1,1,1,1,1,1,1,1,1,1,1,1,1,1,1,1,1,1,1,1,1,1,1,1,1,1,1,1,1,1,1,1,1,1,1,1,1,1,1,1,1,1,1,1,1,1,1,1,1,1,1,1,1,1,1,1,1,1,1,1,1,1,1,1,1,1,1,1,1,1,1,1,1,1,1,1,1,1,1,1,1,1,1,1,1,1,1,1,1,1,1,1,1,1,1,1,1,1,1,1,1,1,1,1,1,1,1,1,1,1,1,1,1,1,1,1,1,1,1,1,1,1,1,1,1,1,1,1,1,1,1,1,1,1,1,1,1,1,1,1
55,H,C,H,H,H,H,NA,H,H,A,H,H,A,H,NA,C,C,C,H,A,A,A,A,A,A,A,D,A,A,A,A,A,A,A,A,A,H,H,A,A,NA,A,A,A,A,C,A,A,A,A,A,C,NA,B,B,B,B,B,B,B,B,B,B,B,B,C,H,B,C,B,B,B,B,B,B,B,B,B,B,C,C,B,B,C,B,B,H,B,B,NA,B,NA,NA,H,H,H,H,NA,H,H,H,NA,B,D,C,C,B,B,C,B,B,B,H,B,B,B,B,B,H,B,B,H,C,H,B,B,B,B,B,B,B,H,B,B,B,B,NA,B,B,B,C,B,B,H,H,H,B,NA,B,B,B,C,C,H,B,B,B,B,H,H,H,H,H,B,H,D,H,H,H,NA,B,B,B,B,B,B,C,A,H,C,H,H,H,H,NA,H,H,NA,H,B,NA,B,B,B,B,B,NA,B,B,B,,B,B
48,A,A,A,A,A,A,H,A,A,A,H,A,A,A,A,NA,A,A,NA,NA,A,A,A,A,H,H,D,A,A,A,A,A,A,H,H,A,H,NA,A,NA,NA,NA,NA,NA,C,C,H,C,NA,NA,NA,NA,NA,H,D,H,H,H,H,H,H,H,H,H,H,C,H,H,NA,NA,NA,NA,H,NA,NA,NA,NA,H,NA,NA,C,H,D,NA,H,H,H,H,H,H,B,NA,NA,NA,H,H,H,NA,H,NA,NA,NA,H,NA,C,C,H,NA,C,H,H,H,H,H,H,H,H,H,H,H,D,NA,NA,NA,NA,NA,NA,B,B,B,B,B,B,B,B,B,B,B,B,B,C,NA,NA,NA,NA,NA,NA,NA,NA,NA,NA,C,C,B,B,H,B,B,B,B,B,B,B,B,NA,B,NA,NA,NA,NA,NA,B,NA,NA,NA,NA,NA,A,A,A,A,H,H,H,A,H,H,H,D,B,B,B,B,B,B,B,B,H,B,B,B,D,H
35,H,C,H,H,H,H,H,H,H,H,A,H,A,H,C,C,C,C,A,C,H,H,H,H,H,H,D,H,NA,H,H,H,H,H,H,H,B,B,C,H,H,H,H,H,C,A,H,C,H,H,H,H,B,B,B,B,B,B,B,B,B,B,H,H,H,C,H,B,C,H,H,B,B,B,B,B,C,B,B,NA,C,B,B,B,B,B,B,B,B,B,B,NA,B,B,B,B,H,H,H,H,H,H,H,NA,C,C,H,H,C,H,B,B,B,B,B,B,NA,B,B,B,B,B,NA,B,B,B,B,H,A,H,H,A,H,H,H,A,NA,A,H,H,A,H,H,A,A,H,H,H,H,A,D,A,A,H,NA,H,H,H,H,H,H,H,H,H,H,D,H,NA,H,NA,H,H,H,H,H,H,H,A,NA,H,C,H,H,H,H,H,B,B,B,H,H,H,D,NA,NA,A,H,H,H,D,D,D,B
37,B,C,B,B,B,B,B,B,B,H,B,H,B,B,C,C,C,C,B,C,H,B,B,B,H,H,D,B,B,B,B,B,B,H,H,B,H,NA,C,B,B,B,NA,H,C,C,A,A,A,NA,NA,B,H,H,D,H,A,H,H,H,H,H,H,H,H,C,A,H,C,H,D,NA,H,H,H,NA,NA,H,A,C,C,B,B,NA,B,H,NA,H,H,H,B,NA,H,H,H,H,H,NA,H,D,NA,NA,H,NA,C,C,H,H,C,H,H,H,H,NA,H,H,B,H,H,H,D,H,NA,H,H,H,H,H,H,H,H,H,H,H,H,H,H,H,H,H,C,H,H,H,B,H,C,NA,H,NA,NA,C,C,H,H,H,H,H,H,H,H,H,H,H,H,D,H,D,NA,NA,H,H,H,C,NA,H,H,H,B,B,C,B,B,B,C,H,H,H,H,H,H,H,D,NA,H,H,H,H,H,D,D,D,H
39,B,C,B,B,B,B,NA,B,B,B,B,H,B,B,C,C,C,C,B,C,B,H,H,H,H,A,D,H,H,H,H,H,H,H,A,H,H,H,C,H,H,H,NA,H,C,A,A,A,A,NA,H,H,A,A,NA,A,A,A,A,A,A,H,B,B,B,A,A,A,C,B,B,A,A,A,A,A,D,A,A,C,A,B,B,C,B,B,B,B,B,B,B,NA,H,H,H,H,H,NA,H,H,A,D,A,NA,A,A,A,A,A,A,H,H,B,H,B,B,H,H,H,H,D,H,NA,H,H,H,H,H,H,H,H,H,H,H,H,H,H,H,H,H,C,H,H,H,H,H,H,H,H,H,D,C,C,H,H,H,H,H,H,H,H,H,H,H,H,D,H,D,H,NA,H,H,H,H,H,H,H,B,H,B,NA,B,B,B,C,A,H,B,H,H,H,H,D,D,H,H,H,H,H,D,D,B,A
37,B,C,B,B,B,B,NA,B,B,B,B,H,B,B,C,C,C,C,C,C,B,B,B,B,B,B,B,B,B,B,B,B,B,B,B,B,H,NA,C,B,NA,B,NA,B,C,C,B,C,NA,NA,NA,B,H,H,D,H,H,H,H,H,H,H,B,B,H,C,H,H,C,C,H,NA,H,C,NA,NA,NA,H,H,NA,C,H,D,NA,H,H,H,H,H,H,B,NA,D,H,H,H,H,NA,H,H,B,NA,H,NA,C,C,H,H,C,H,B,B,H,B,H,H,H,B,H,B,D,H,NA,B,B,B,NA,A,A,A,A,H,A,A,A,A,A,A,A,A,A,A,A,H,B,NA,C,A,A,NA,NA,A,A,A,H,H,H,H,H,H,A,H,A,H,A,D,D,D,A,NA,H,NA,H,NA,NA,H,H,NA,B,B,C,B,B,B,C,H,H,H,B,A,A,A,D,D,A,A,H,H,H,D,D,D,H
39,A,A,A,A,A,A,A,A,A,A,A,A,A,A,A,A,A,A,NA,A,A,H,A,H,H,H,D,H,H,H,H,H,H,H,H,A,H,NA,A,A,A,NA,NA,H,C,C,H,C,NA,NA,NA,H,H,H,D,H,H,H,H,H,H,H,A,H,H,C,H,H,C,NA,H,NA,H,C,H,NA,D,H,H,NA,C,A,D,NA,A,H,H,H,H,H,B,NA,NA,H,H,H,H,NA,H,NA,NA,NA,H,H,C,C,H,H,C,H,H,H,H,H,H,A,A,H,H,H,D,H,NA,H,H,H,NA,B,B,B,B,H,B,B,B,B,B,B,B,B,C,B,B,H,H,B,NA,NA,B,NA,NA,C,C,A,H,H,H,H,H,H,H,H,H,H,A,D,A,A,NA,NA,H,NA,H,NA,NA,H,H,B,H,A,A,A,A,A,A,H,H,H,H,B,NA,B,B,NA,B,B,H,H,H,D,D,D,H
48,H,C,H,H,H,H,H,H,H,H,H,H,H,H,C,C,C,C,NA,NA,H,A,A,A,NA,H,D,A,A,H,A,A,H,H,H,H,A,NA,A,NA,NA,NA,NA,NA,C,C,H,C,NA,NA,NA,NA,B,B,B,B,B,B,B,B,B,B,B,B,B,C,B,B,C,NA,B,NA,B,C,NA,NA,NA,B,C,NA,C,H,D,NA,H,H,B,B,B,B,B,NA,NA,NA,B,B,B,NA,B,NA,NA,NA,H,NA,C,C,H,H,C,A,B,B,B,B,B,B,B,B,B,B,B,C,NA,NA,B,NA,NA,A,A,H,A,A,A,A,A,A,A,A,A,A,A,NA,A,A,D,NA,NA,NA,NA,NA,NA,A,A,H,H,H,NA,H,H,H,H,H,H,H,H,D,NA,NA,NA,NA,NA,NA,NA,NA,NA,NA,NA,H,A,H,C,H,H,H,H,H,B,B,B,A,A,A,D,D,A,A,H,H,H,D,D,B,B
59,H,C,H,H,H,H,H,H,H,H,H,H,H,H,C,C,C,C,H,NA,H,H,H,H,H,H,D,H,H,H,H,H,H,H,H,A,H,NA,C,NA,NA,NA,NA,H,C,C,H,C,NA,C,NA,B,H,A,D,A,H,H,A,A,A,A,H,H,H,C,H,A,C,NA,H,NA,A,D,A,A,D,A,H,C,C,H,D,NA,H,H,NA,A,A,A,B,NA,NA,H,H,H,H,NA,H,H,H,NA,H,D,C,C,A,A,A,H,H,H,H,H,H,H,H,H,H,H,D,H,NA,H,H,H,H,B,B,B,B,H,B,B,B,B,B,B,B,B,C,B,B,H,H,H,B,B,B,NA,NA,C,C,B,B,B,B,B,B,B,B,B,B,B,NA,B,C,B,B,NA,B,NA,B,D,C,NA,B,A,H,H,NA,H,H,H,H,H,H,H,H,B,B,B,B,B,NA,B,B,NA,B,B,B,D,H
41,A,A,A,A,A,A,H,A,NA,A,H,A,H,A,A,A,A,A,H,A,A,A,A,A,A,A,D,A,NA,A,A,A,A,A,A,A,A,NA,A,NA,A,NA,D,A,A,A,A,A,NA,A,A,H,B,B,B,B,B,B,H,B,B,B,B,B,B,C,H,B,C,NA,B,B,B,NA,B,D,B,NA,B,B,C,H,D,NA,H,H,H,H,H,H,H,NA,D,H,H,H,H,NA,H,D,H,NA,H,NA,C,C,H,H,A,H,B,B,H,H,H,H,H,B,H,B,D,H,NA,H,B,B,B,H,H,H,H,H,H,H,H,H,B,H,H,H,C,H,H,H,A,B,C,H,H,B,NA,C,C,H,H,H,H,H,H,H,H,H,H,H,H,NA,H,H,H,NA,H,NA,H,H,C,H,H,NA,A,A,A,H,H,H,A,H,H,H,D,B,H,H,D,D,H,H,H,H,H,D,D,B,B
48,H,C,H,H,H,H,B,H,H,H,H,H,H,H,C,C,C,C,NA,NA,H,A,A,A,A,H,D,A,A,A,A,A,A,A,H,A,H,NA,A,C,NA,NA,NA,NA,A,C,H,C,NA,NA,NA,NA,B,B,B,B,B,B,B,B,B,B,B,B,B,C,H,B,C,NA,NA,NA,B,NA,NA,NA,NA,NA,NA,NA,C,B,B,NA,B,B,NA,B,B,B,B,NA,NA,NA,B,B,B,NA,B,NA,NA,NA,B,NA,C,C,B,NA,C,B,B,H,A,B,A,A,A,B,H,B,D,NA,NA,NA,NA,NA,NA,H,H,H,H,H,H,H,H,H,H,H,H,H,C,NA,NA,NA,NA,NA,NA,NA,NA,NA,NA,A,C,B,B,B,B,B,B,B,B,B,B,B,NA,B,NA,NA,NA,NA,NA,NA,NA,NA,NA,NA,NA,A,A,H,C,B,B,B,H,B,B,H,D,H,H,H,D,D,B,H,B,B,B,B,B,B,B
39,B,C,B,B,B,B,B,B,B,B,B,B,B,B,C,C,C,C,B,C,B,A,H,A,A,A,D,A,A,A,A,NA,A,A,A,A,B,B,C,H,H,NA,D,A,A,A,NA,A,A,A,A,H,A,A,D,A,A,A,A,A,H,H,H,H,H,A,A,H,C,H,H,A,H,A,A,A,A,NA,A,C,A,H,D,NA,H,H,H,H,H,NA,H,NA,NA,H,H,H,H,NA,H,A,NA,H,H,NA,C,C,H,H,C,H,B,B,B,B,B,H,H,B,B,B,D,B,B,B,B,B,B,A,A,A,A,H,A,A,A,A,H,A,A,A,A,A,A,H,H,NA,A,A,A,A,NA,C,C,B,A,H,H,H,H,H,H,H,H,H,H,B,H,B,B,H,H,H,H,A,A,A,H,A,A,B,C,B,B,B,C,H,H,B,NA,H,A,A,D,D,NA,A,A,NA,H,D,D,D,A
40,H,C,H,A,A,H,H,H,H,H,H,H,NA,H,NA,NA,C,C,A,C,H,A,H,A,A,A,D,A,A,A,A,A,A,A,A,A,H,H,C,A,A,A,D,A,A,A,A,A,A,A,A,H,B,B,D,B,B,B,B,B,B,B,B,B,B,C,H,B,NA,B,B,C,B,NA,B,B,C,NA,B,C,C,H,D,NA,H,H,NA,H,H,H,H,H,NA,H,H,H,A,A,A,A,A,A,A,NA,A,A,A,A,A,A,H,H,B,B,B,B,B,H,B,H,B,B,H,B,H,H,H,B,B,B,B,H,B,B,B,B,H,H,H,H,C,B,B,H,H,H,B,B,B,B,B,C,C,H,H,H,H,H,H,H,H,H,H,H,H,D,H,D,H,H,H,H,H,H,H,H,H,A,A,H,C,H,H,H,H,A,H,B,NA,H,B,H,B,B,B,B,H,H,H,D,D,B,B
41,A,A,A,A,A,A,A,A,A,A,H,NA,A,A,A,NA,A,A,H,A,A,B,NA,B,B,H,B,B,B,B,B,B,B,B,H,B,H,B,C,B,B,B,B,B,C,C,H,C,H,B,B,B,B,B,D,H,B,B,B,H,H,H,H,H,H,C,H,H,NA,H,H,H,H,D,H,H,NA,NA,B,NA,C,B,B,B,B,B,NA,NA,B,B,B,H,NA,B,B,B,B,B,B,B,B,NA,H,NA,C,C,H,H,C,H,H,H,H,H,H,H,NA,H,H,B,D,H,NA,H,H,H,C,H,H,H,H,A,H,B,H,H,B,B,B,B,C,H,B,A,A,C,H,H,H,A,NA,C,NA,H,A,A,H,H,H,H,H,H,H,H,H,D,H,D,H,H,H,A,A,A,A,A,A,A,B,A,NA,NA,A,A,A,B,B,NA,H,B,B,H,B,D,NA,NA,A,NA,H,D,D,NA,B
33,B,C,B,B,B,B,B,B,B,B,B,H,B,B,C,C,C,C,NA,C,B,H,NA,H,H,H,D,H,H,H,H,H,H,H,B,H,H,H,C,H,H,H,D,H,C,C,B,C,B,H,H,H,H,H,D,H,B,H,H,H,H,H,H,B,H,C,H,H,C,H,H,H,H,H,H,H,H,H,B,NA,C,H,D,H,H,A,NA,A,A,A,A,NA,A,A,A,A,A,A,A,D,A,A,NA,NA,C,C,H,H,C,H,H,H,H,H,H,H,H,H,H,H,D,H,NA,H,H,H,C,B,B,B,B,H,B,B,B,B,H,B,B,B,C,B,B,H,H,B,B,B,B,B,C,C,C,H,H,H,H,H,A,A,A,A,A,H,A,D,H,C,H,A,H,H,H,H,H,H,H,NA,H,B,C,B,B,B,C,H,A,H,H,H,B,B,B,B,B,B,H,NA,H,D,D,D,H
37,H,C,H,H,H,H,A,H,H,B,A,H,NA,H,C,C,C,C,A,C,B,H,H,H,A,A,D,H,H,H,H,H,H,A,A,H,A,A,C,H,H,H,D,A,C,A,A,A,A,H,H,H,H,H,D,H,H,H,H,H,H,H,B,B,B,A,H,H,C,B,H,H,H,H,H,H,H,H,H,H,C,B,B,C,B,H,H,H,H,NA,H,A,H,H,H,H,H,H,H,D,H,H,H,NA,C,C,H,H,C,H,B,B,B,B,B,B,B,B,B,B,B,H,NA,B,B,B,B,H,H,H,H,H,H,H,H,H,H,NA,H,H,C,H,H,H,H,H,C,H,H,C,C,C,C,B,H,H,H,H,H,H,H,H,H,H,H,B,H,C,B,H,H,H,H,H,H,H,H,H,H,H,C,A,A,A,H,H,H,B,B,H,H,H,D,D,H,H,H,H,H,D,D,B,H
48,NA,NA,NA,NA,NA,NA,NA,NA,NA,NA,NA,B,NA,NA,NA,NA,NA,NA,NA,NA,NA,NA,NA,NA,NA,NA,NA,NA,NA,NA,NA,NA,NA,NA,NA,NA,NA,NA,NA,NA,NA,NA,NA,NA,NA,NA,NA,NA,NA,NA,A,A,B,NA,NA,NA,NA,NA,NA,NA,NA,NA,NA,NA,NA,NA,NA,H,NA,NA,NA,NA,NA,NA,NA,NA,NA,NA,NA,NA,NA,NA,NA,NA,NA,NA,NA,NA,NA,NA,NA,NA,NA,NA,NA,NA,NA,NA,NA,NA,NA,NA,NA,NA,NA,NA,NA,NA,NA,NA,NA,NA,NA,NA,NA,NA,NA,NA,NA,NA,NA,NA,NA,NA,NA,NA,NA,NA,NA,NA,NA,H,NA,NA,NA,NA,NA,NA,NA,NA,NA,NA,NA,NA,NA,NA,NA,NA,NA,NA,NA,NA,NA,NA,NA,NA,A,A,A,A,A,A,A,A,A,NA,NA,NA,NA,NA,NA,NA,NA,NA,NA,NA,NA,H,NA,NA,NA,NA,NA,NA,NA,NA,NA,NA,NA,NA,NA,NA,NA,NA,NA,NA,NA,NA,NA,NA,NA,NA,NA
48,NA,NA,NA,NA,NA,NA,NA,NA,NA,NA,NA,H,NA,NA,NA,NA,NA,NA,NA,NA,NA,NA,NA,NA,NA,NA,NA,NA,NA,NA,NA,NA,NA,NA,NA,NA,NA,NA,NA,NA,NA,NA,NA,NA,NA,NA,NA,NA,NA,H,H,A,B,NA,NA,NA,NA,NA,NA,NA,NA,NA,NA,NA,NA,NA,NA,B,NA,NA,NA,NA,NA,NA,NA,NA,NA,NA,NA,NA,NA,NA,NA,NA,NA,NA,NA,NA,NA,NA,NA,NA,NA,NA,NA,NA,NA,NA,NA,NA,NA,NA,NA,NA,NA,NA,NA,NA,NA,NA,NA,NA,NA,NA,NA,NA,NA,NA,NA,NA,NA,NA,NA,NA,NA,NA,NA,NA,NA,NA,NA,NA,NA,NA,NA,NA,NA,NA,NA,NA,NA,NA,NA,NA,NA,NA,NA,NA,NA,NA,NA,NA,NA,NA,NA,NA,A,H,H,NA,A,A,A,H,D,NA,NA,NA,NA,NA,NA,NA,NA,NA,NA,NA,NA,NA,NA,NA,NA,NA,NA,NA,NA,NA,NA,NA,NA,NA,NA,NA,NA,NA,NA,NA,NA,NA,NA,NA,NA,NA,NA
55,H,C,H,H,H,H,H,H,H,NA,H,H,A,H,C,C,C,C,H,A,A,H,H,H,H,A,D,H,H,H,H,H,H,H,NA,H,H,NA,A,H,H,H,NA,H,A,A,A,A,D,H,H,H,NA,B,B,B,H,H,B,B,B,B,H,H,H,C,H,B,C,H,H,B,B,B,B,B,B,B,H,H,A,A,D,A,A,A,NA,A,A,NA,NA,NA,A,A,A,A,A,NA,A,A,A,H,A,D,A,A,H,A,A,H,H,H,H,H,H,A,A,H,H,H,D,H,H,H,H,H,H,H,H,H,H,H,H,A,H,H,A,A,A,A,C,H,A,H,H,A,H,H,H,B,NA,A,C,B,H,B,B,B,B,B,B,B,B,B,B,B,B,B,B,B,B,H,H,H,H,H,H,NA,H,H,C,H,H,H,C,A,A,H,H,A,A,H,D,D,H,H,H,H,B,B,B,D,H
35,H,C,H,B,B,H,B,H,H,H,B,H,H,H,C,C,C,C,NA,C,H,H,H,H,H,A,D,H,H,H,H,H,H,H,A,NA,NA,NA,C,H,H,H,NA,H,C,A,A,A,A,H,H,H,H,H,D,H,H,H,H,H,H,H,B,B,B,NA,NA,H,C,B,B,H,H,H,H,A,C,A,H,C,C,B,B,B,B,B,H,B,B,B,NA,NA,H,H,H,H,H,NA,H,H,H,H,H,H,C,C,A,A,NA,A,B,B,B,B,B,H,NA,B,B,B,D,B,B,B,B,B,B,H,H,H,H,H,H,H,H,H,H,NA,NA,NA,NA,H,H,H,H,C,H,H,H,D,NA,A,NA,H,H,H,A,A,A,A,A,A,A,A,H,NA,H,H,H,A,A,H,H,H,H,H,H,H,H,H,C,B,B,B,C,H,H,B,B,H,H,H,D,D,H,H,H,H,A,D,D,B,H
40,H,C,H,H,H,H,H,H,H,H,B,H,H,H,C,NA,C,C,NA,C,H,H,H,H,A,A,D,H,H,H,H,H,H,A,A,H,H,A,C,H,H,H,NA,A,A,A,NA,A,A,H,H,H,H,B,B,B,H,H,B,NA,B,B,B,B,B,C,H,B,NA,B,B,B,B,B,B,H,C,NA,H,C,C,B,B,H,B,B,B,B,B,B,B,NA,NA,B,B,B,B,B,B,B,B,B,H,NA,C,C,H,H,C,H,H,H,B,H,B,B,B,H,H,H,D,H,H,H,H,H,H,H,H,H,A,A,H,A,A,H,A,A,A,A,C,H,A,A,A,C,D,NA,A,B,NA,C,C,H,H,A,NA,A,H,H,H,H,H,A,H,D,H,H,H,H,A,A,A,NA,A,H,H,H,H,H,C,H,H,H,C,H,B,B,H,A,A,H,D,D,H,H,H,H,H,D,D,B,B
39,B,C,B,B,B,B,B,NA,B,H,B,B,H,NA,C,NA,C,C,A,C,H,H,H,H,H,H,D,H,H,H,H,H,H,H,H,H,H,H,C,H,H,H,NA,H,C,C,H,C,H,H,H,H,H,H,D,H,H,H,H,H,H,H,H,H,H,C,H,H,NA,H,H,H,H,NA,H,H,H,NA,H,H,C,H,D,H,H,A,NA,NA,A,A,A,NA,A,A,A,A,A,A,A,D,A,A,A,NA,A,A,A,A,A,A,B,B,B,B,B,H,H,H,B,B,D,B,B,B,B,B,B,H,H,H,H,B,H,H,H,A,H,H,H,H,C,H,H,H,H,H,H,H,H,D,D,C,C,H,A,A,H,H,H,H,H,H,H,H,H,D,H,D,H,H,H,H,A,NA,A,A,A,H,H,B,C,B,B,B,C,A,A,B,B,H,H,A,D,D,H,H,A,A,H,D,D,D,H
61,H,C,H,H,H,H,H,B,H,A,H,H,A,A,C,NA,C,C,H,A,A,B,H,B,B,B,B,B,B,B,B,B,B,B,B,B,H,B,C,B,B,B,NA,B,C,C,B,C,H,B,B,B,B,B,B,B,B,B,B,B,B,B,B,B,B,C,H,B,NA,B,B,B,B,B,B,H,B,B,B,H,C,B,B,C,B,B,NA,B,B,B,H,NA,A,A,A,A,A,A,A,A,D,A,H,NA,C,C,H,H,C,H,B,B,B,B,H,H,H,B,B,B,D,H,B,B,B,B,B,H,H,H,H,H,H,A,H,H,H,A,A,A,C,H,A,A,B,A,A,H,H,B,D,C,C,B,A,B,B,B,B,B,B,B,B,B,NA,B,B,B,B,B,B,NA,B,NA,B,A,A,H,B,H,C,H,H,H,C,H,A,B,B,NA,A,NA,D,D,H,H,A,B,B,B,B,B,B
39,A,NA,A,A,A,A,A,A,A,A,A,A,A,A,A,NA,A,A,A,A,A,B,B,B,B,B,B,B,B,B,B,B,B,B,B,B,B,B,C,B,B,B,NA,B,C,C,B,C,B,NA,B,H,H,H,D,H,H,H,H,NA,H,H,A,A,H,C,H,H,NA,D,H,H,H,H,H,H,H,H,H,C,C,H,D,A,H,A,A,A,A,A,A,NA,A,H,H,H,H,NA,H,H,NA,D,H,NA,C,C,H,H,C,H,H,H,H,H,H,H,H,H,H,H,D,H,C,H,H,H,H,A,A,A,A,A,A,A,A,A,B,A,A,A,A,A,A,NA,A,A,A,A,A,D,D,A,A,H,B,A,A,A,H,NA,NA,H,H,A,H,D,H,H,H,H,A,H,H,NA,NA,B,B,B,B,A,A,A,A,A,A,H,H,H,H,B,A,A,D,D,A,A,B,H,A,D,D,D,H
37,H,C,H,H,H,H,H,H,H,A,H,H,A,H,NA,C,C,A,H,A,A,B,B,B,H,H,D,B,B,B,B,B,B,H,H,B,H,B,C,B,B,B,NA,H,C,C,H,A,H,B,B,B,B,B,B,B,H,B,B,B,B,B,B,B,B,A,H,B,C,B,B,B,B,B,B,NA,B,B,H,A,C,H,D,H,H,H,A,A,A,NA,A,NA,A,A,A,A,A,A,A,A,D,D,A,NA,A,A,H,H,C,H,H,H,H,H,H,H,H,H,H,H,D,H,H,H,H,H,H,B,B,B,B,H,B,B,B,B,B,B,B,B,C,B,B,NA,B,B,B,B,B,B,NA,C,C,B,H,H,H,H,H,H,H,H,H,H,H,B,B,B,B,H,H,H,H,NA,H,H,H,B,B,NA,C,H,H,H,C,A,A,H,H,B,B,B,B,B,B,B,H,H,H,C,D,B,B
59,H,C,H,H,H,H,H,H,H,H,A,H,H,H,C,C,C,C,A,C,H,H,B,H,H,H,D,H,H,H,H,H,H,H,H,H,H,B,C,H,B,H,H,H,C,C,H,C,H,C,NA,B,H,H,D,H,H,H,H,H,H,H,B,H,H,A,H,H,C,H,H,H,H,H,H,H,H,H,H,H,C,A,D,H,A,A,NA,H,B,B,B,NA,B,B,B,B,B,B,B,B,NA,H,B,NA,C,C,NA,B,C,NA,H,H,H,H,H,H,H,H,H,H,D,H,H,H,H,H,H,H,H,H,H,H,H,H,H,H,H,H,H,H,C,H,H,NA,H,A,H,C,H,C,D,C,C,B,H,B,B,B,B,B,B,B,B,B,B,B,B,B,B,B,B,H,H,C,H,H,H,B,H,H,C,H,H,H,C,B,B,H,H,H,H,H,D,D,H,H,H,H,H,B,B,NA,NA
35,A,A,A,A,A,A,A,A,A,NA,A,A,H,A,A,A,A,A,A,A,H,H,H,H,B,H,D,H,H,H,H,H,H,H,H,H,B,H,C,H,H,H,H,H,C,C,H,C,H,NA,NA,H,B,B,B,B,B,B,B,B,B,B,A,H,H,C,B,B,C,H,H,B,B,B,B,B,B,NA,B,B,C,H,D,C,H,H,H,H,B,H,H,NA,H,H,H,NA,H,H,H,H,H,H,H,NA,A,A,A,A,A,A,A,A,A,A,A,A,A,A,A,NA,D,A,A,A,A,A,A,A,A,A,A,A,A,A,A,A,NA,H,H,H,A,A,A,A,A,H,A,A,A,NA,A,A,A,A,H,H,H,H,H,H,H,H,A,H,A,D,A,A,A,H,H,H,H,C,H,H,H,H,H,A,A,A,A,A,A,H,H,A,H,H,H,A,D,D,A,A,H,H,H,D,D,D,B
66,H,C,H,H,H,H,H,H,H,H,H,H,H,H,C,C,C,C,H,C,H,A,A,A,A,H,D,A,A,A,A,A,A,A,H,A,A,A,A,A,A,A,A,A,A,C,H,C,H,A,A,A,H,H,D,H,H,H,H,H,H,H,B,B,B,A,H,H,C,B,B,H,H,H,H,H,D,NA,H,H,C,B,B,B,B,H,A,A,A,A,A,NA,A,A,A,A,A,A,A,A,A,A,A,NA,A,A,H,H,C,H,H,H,H,H,H,H,H,H,H,H,D,H,H,H,H,H,H,B,B,B,B,NA,B,B,B,B,A,H,A,A,C,B,A,B,H,A,B,B,B,B,B,C,C,B,B,B,B,B,B,B,B,B,B,B,NA,B,H,H,B,B,B,B,B,B,B,B,B,H,A,H,C,H,H,H,C,A,A,H,D,A,A,B,D,B,B,B,B,B,B,B,B,B,H
49,H,C,H,H,H,H,H,H,H,H,B,H,H,H,C,C,C,C,B,C,H,B,B,B,B,B,B,B,B,B,B,B,B,B,B,A,B,NA,C,NA,NA,B,NA,B,C,C,B,C,B,NA,NA,C,H,H,D,H,H,H,H,H,H,A,H,H,H,A,H,H,C,NA,H,NA,H,NA,H,NA,D,H,H,NA,C,B,D,NA,H,NA,NA,H,A,NA,H,NA,NA,H,H,H,H,NA,H,A,H,NA,H,NA,C,C,A,A,A,A,H,H,H,H,H,H,A,H,H,H,D,H,NA,NA,H,H,NA,H,H,H,H,H,H,H,H,H,A,H,H,H,C,H,H,H,NA,A,NA,NA,H,NA,NA,C,C,B,H,NA,NA,B,B,B,B,B,B,B,NA,B,B,NA,B,NA,B,NA,NA,B,NA,H,H,A,B,H,C,H,H,H,C,H,H,H,H,A,H,H,D,D,H,H,H,H,B,B,B,D,H
66,H,C,H,H,H,H,H,H,H,H,H,H,H,H,C,C,C,C,NA,A,H,B,B,B,B,B,B,B,B,B,B,B,B,B,B,B,B,NA,C,NA,NA,B,NA,B,C,C,NA,C,B,NA,NA,C,B,B,B,B,B,B,B,B,B,B,B,B,B,C,H,B,C,NA,B,NA,B,NA,NA,H,NA,B,H,NA,C,B,B,NA,B,B,B,B,B,B,H,NA,NA,H,H,H,H,NA,H,NA,NA,NA,H,NA,C,C,H,H,C,H,B,B,B,B,B,B,B,B,B,B,B,NA,NA,B,B,NA,NA,A,A,A,A,B,A,A,A,A,A,H,A,A,NA,NA,A,H,NA,H,NA,NA,B,B,NA,A,A,B,B,B,NA,B,B,B,B,B,B,B,NA,B,C,NA,B,NA,B,NA,NA,NA,C,NA,B,B,B,H,C,H,H,H,C,H,H,B,B,A,A,A,D,D,A,A,B,B,B,B,B,B,B
41,NA,NA,NA,NA,NA,NA,NA,NA,NA,NA,NA,H,NA,NA,C,NA,C,C,H,C,H,NA,NA,NA,NA,NA,NA,NA,NA,NA,NA,NA,NA,NA,NA,A,A,A,A,A,A,A,D,A,A,A,A,A,A,A,A,A,A,NA,NA,NA,NA,NA,NA,NA,NA,NA,NA,NA,NA,A,A,A,NA,A,A,D,A,A,A,A,A,A,A,A,A,NA,D,H,NA,NA,NA,NA,NA,A,A,NA,D,A,NA,NA,A,A,NA,A,H,H,NA,NA,A,A,NA,H,C,NA,NA,NA,NA,NA,NA,NA,NA,NA,NA,NA,B,H,C,B,B,B,B,NA,NA,NA,NA,A,NA,NA,NA,NA,NA,H,H,H,C,H,H,A,A,H,H,H,H,H,NA,A,C,H,H,NA,H,H,H,H,H,H,H,H,H,D,H,H,H,H,H,H,H,H,C,H,H,B,H,NA,NA,H,H,H,NA,H,H,NA,NA,NA,NA,NA,NA,NA,H,H,NA,NA,NA,D,NA,D,A
39,H,C,H,H,H,H,H,H,H,H,B,H,H,H,C,C,C,C,B,C,H,H,H,H,H,H,D,H,H,NA,H,H,H,H,H,H,B,B,C,H,A,H,NA,H,C,C,H,C,H,H,H,H,NA,A,D,A,A,A,A,NA,A,H,H,H,H,A,A,H,C,H,H,D,A,A,A,A,NA,A,A,A,A,NA,D,A,A,H,B,B,B,B,B,NA,H,H,H,H,H,H,H,H,H,H,H,C,C,C,H,H,C,H,H,H,H,H,H,H,B,H,H,A,D,H,C,B,H,H,H,H,H,H,NA,A,H,H,H,H,A,H,A,A,C,H,A,A,A,A,H,H,H,H,NA,C,C,NA,NA,H,H,H,H,H,H,H,H,H,H,D,A,A,H,C,H,H,H,H,H,H,H,NA,NA,H,C,NA,NA,NA,C,NA,NA,H,H,A,A,B,D,D,NA,NA,H,H,H,NA,D,NA,NA
47,H,C,H,H,H,H,H,H,H,H,B,H,H,H,C,NA,C,C,B,C,H,A,H,A,H,B,D,A,A,H,A,A,H,H,B,A,A,A,A,A,A,A,D,H,C,C,B,C,B,A,H,A,B,B,B,B,B,B,B,B,B,NA,A,A,A,C,H,B,NA,D,H,B,B,B,B,B,C,B,B,B,C,H,D,D,H,B,B,B,B,B,B,C,C,B,B,B,B,B,B,B,B,B,B,C,C,C,A,A,A,A,B,B,B,B,B,B,B,B,B,B,B,B,B,B,B,B,B,B,B,B,B,B,B,B,B,B,H,H,H,B,C,B,B,B,H,H,B,B,B,B,C,C,C,B,H,H,H,H,H,H,H,H,H,H,H,D,H,H,B,H,H,H,H,H,H,H,H,H,A,H,C,H,H,H,C,B,B,B,B,H,B,B,B,B,B,B,H,H,H,D,D,D,B
40,A,A,A,A,A,A,H,A,A,A,H,A,A,A,A,NA,A,A,B,A,A,B,B,B,B,B,B,B,B,B,B,B,B,B,B,B,A,H,C,B,B,B,B,B,C,C,NA,C,B,B,B,B,H,H,D,H,H,H,H,NA,H,H,A,A,H,C,H,H,NA,H,H,H,H,D,H,H,C,A,H,H,C,B,B,B,B,B,B,B,B,NA,B,C,B,B,B,H,H,H,H,H,H,H,H,C,C,C,H,H,C,H,A,A,A,A,A,A,A,A,A,A,D,A,A,A,A,A,A,A,A,A,A,H,A,A,A,A,H,NA,NA,A,A,A,A,H,H,A,A,A,A,A,A,A,NA,H,H,H,H,H,H,H,H,H,H,H,H,D,H,H,H,H,H,H,H,H,H,H,A,A,B,A,A,H,H,H,A,H,H,A,H,H,A,A,D,D,A,A,H,H,H,D,NA,NA,H
59,NA,A,A,A,A,A,A,A,A,A,A,A,A,A,A,A,A,A,A,A,A,B,B,B,B,B,B,B,B,B,B,B,B,B,B,B,B,B,C,B,B,B,B,B,C,C,B,C,H,B,B,B,H,A,D,A,H,H,A,NA,A,A,H,H,H,C,H,A,C,H,H,A,A,D,A,A,A,H,H,B,C,A,D,A,A,A,A,A,A,A,A,C,H,H,H,H,H,H,H,H,H,H,H,A,C,C,A,A,A,A,NA,NA,B,H,B,B,B,H,B,H,B,B,H,H,H,H,B,A,A,A,A,H,A,A,A,A,A,H,A,A,NA,A,A,H,H,A,A,A,A,A,A,A,A,B,B,B,B,B,B,B,B,B,B,B,B,B,H,B,B,B,B,H,B,B,B,B,B,B,B,A,A,A,A,A,A,H,H,B,B,A,A,A,D,D,A,A,B,B,B,B,B,D,H
41,B,C,B,B,B,B,B,B,B,H,NA,H,H,B,C,C,C,C,H,C,H,H,A,H,H,NA,D,H,H,H,H,H,H,H,H,H,H,H,A,H,H,H,NA,H,C,C,H,C,H,NA,NA,H,B,B,B,B,B,B,NA,B,B,H,A,A,A,C,H,H,A,A,A,B,B,B,B,B,B,B,B,B,C,A,D,A,A,H,H,NA,H,H,H,D,H,H,H,A,A,A,A,D,A,A,A,NA,A,A,H,H,C,H,H,NA,H,H,H,H,NA,H,H,B,B,H,H,H,H,H,H,B,H,NA,B,B,B,B,B,H,B,B,B,B,C,B,B,B,H,B,B,B,B,H,H,C,C,H,NA,H,H,H,H,H,H,H,H,H,H,B,B,H,H,C,H,H,H,C,H,D,A,B,H,B,C,B,B,B,C,A,A,H,H,B,B,NA,B,B,H,H,A,H,B,D,D,D,B
53,A,A,A,A,A,A,H,A,A,A,H,A,A,A,NA,A,A,A,H,A,A,A,A,A,A,A,NA,A,A,A,A,A,A,A,A,A,A,A,A,A,A,A,D,A,A,A,A,A,A,A,A,A,A,A,D,A,A,A,A,A,A,A,H,A,A,A,H,A,A,A,A,D,A,A,A,A,D,A,A,A,A,H,D,H,H,H,NA,H,B,H,B,B,B,B,B,B,H,B,B,D,H,B,B,D,C,C,B,B,C,B,NA,H,H,H,H,H,H,H,H,H,D,H,H,H,H,H,H,B,B,B,B,B,B,B,B,B,B,B,B,B,C,B,B,B,H,B,B,B,B,B,B,C,C,H,NA,H,H,H,H,H,H,H,H,H,A,D,H,A,H,H,H,NA,H,H,D,H,H,H,A,A,A,H,H,H,A,B,B,H,H,B,B,NA,B,B,B,B,H,H,H,D,D,D,A
49,A,A,A,A,A,A,H,A,A,A,H,A,A,A,A,A,A,A,H,A,A,A,A,A,A,A,D,A,A,A,A,A,A,A,A,A,A,A,A,A,A,A,H,A,A,A,A,A,H,A,A,A,A,A,D,A,A,A,A,A,A,H,H,H,H,A,A,A,C,D,H,D,A,A,A,A,NA,A,A,A,A,H,D,H,H,H,NA,A,A,A,A,NA,A,H,H,H,H,H,H,NA,H,H,H,NA,C,C,A,A,A,A,H,H,H,H,H,H,H,H,H,H,D,H,D,H,H,H,H,A,A,A,A,A,A,A,A,A,B,H,A,A,A,A,A,A,A,A,A,A,A,A,A,A,A,H,H,H,H,H,H,H,H,H,H,H,H,D,H,H,H,C,H,H,H,H,D,H,H,A,A,A,C,H,H,H,A,H,H,NA,H,B,A,A,D,D,A,A,H,H,H,NA,D,D,A
49,B,C,B,B,B,B,B,B,B,B,NA,H,B,B,C,C,C,C,B,C,B,H,H,H,H,NA,D,H,H,H,H,H,H,H,H,H,A,A,C,H,H,H,NA,H,C,C,H,C,H,H,H,H,B,B,B,B,NA,B,B,B,B,B,H,H,H,C,H,B,C,H,B,B,B,B,B,B,B,B,B,H,C,A,D,H,H,H,H,NA,H,H,H,NA,H,H,H,H,H,H,H,D,H,NA,H,NA,C,C,A,A,A,A,B,B,NA,B,B,B,NA,B,B,B,B,B,B,B,B,B,B,H,B,NA,H,B,NA,H,H,B,H,H,H,H,C,H,H,B,H,H,H,H,H,B,C,C,C,H,B,B,H,H,H,H,H,H,H,H,H,D,H,H,H,H,H,B,B,B,B,B,B,A,H,B,C,B,B,B,C,H,H,B,B,NA,H,B,D,D,H,B,B,B,H,D,D,D,B
45,H,C,H,H,H,H,H,H,H,H,H,H,H,H,C,C,C,C,B,C,H,B,B,B,B,A,D,B,H,H,H,B,H,H,A,B,H,A,C,B,B,B,B,H,C,A,A,A,A,B,C,B,B,B,B,B,H,B,B,B,B,B,B,B,B,NA,H,B,C,B,B,B,B,B,B,B,C,B,H,H,C,A,D,A,A,H,H,H,H,NA,H,NA,H,H,H,H,H,H,H,D,H,H,H,C,C,C,B,B,C,B,A,A,H,H,H,H,H,H,H,NA,D,H,H,H,H,H,H,H,H,H,H,H,H,H,H,H,H,H,H,H,C,H,H,H,H,H,H,H,H,B,NA,C,C,H,H,B,B,B,H,H,H,H,H,B,H,B,H,H,H,H,B,B,B,B,B,H,D,H,B,H,C,H,H,H,C,H,H,H,H,H,H,H,D,D,H,H,H,B,B,B,B,B,B
39,A,A,A,A,A,A,A,A,A,A,A,A,A,A,A,A,A,A,A,A,A,A,H,A,A,A,D,A,A,A,A,A,A,A,A,A,H,H,C,H,H,A,A,A,A,A,A,A,A,H,NA,H,H,H,D,H,H,H,H,H,H,B,B,B,B,C,H,H,C,H,B,H,H,H,H,H,C,A,H,H,C,H,D,H,H,H,H,H,H,H,NA,NA,H,A,H,H,H,H,H,D,NA,H,H,NA,C,C,A,A,A,A,H,H,B,H,H,H,H,H,H,B,D,H,H,H,H,H,H,H,H,H,H,H,H,NA,H,H,B,H,H,H,C,H,H,H,H,H,H,H,H,H,NA,C,C,H,H,H,H,H,H,H,H,H,H,H,H,D,H,H,H,H,H,H,H,H,H,H,H,B,A,A,A,A,A,A,A,H,H,H,D,B,H,B,D,D,H,H,H,H,H,D,D,B,H
70,H,C,H,H,H,H,A,H,H,H,A,H,H,H,C,C,C,C,A,C,H,A,A,A,A,A,D,A,A,A,A,A,A,A,A,A,A,A,A,A,A,A,D,A,A,A,A,A,A,A,A,A,B,B,D,H,B,B,B,NA,H,H,H,H,H,C,H,H,C,H,H,H,H,H,H,H,C,A,C,B,C,B,B,C,B,B,B,B,B,B,B,C,C,B,B,B,B,B,B,B,NA,B,H,NA,C,C,A,A,A,A,B,B,B,B,B,B,NA,B,B,B,D,B,B,B,B,B,B,B,B,B,B,H,B,B,B,B,H,H,H,H,C,B,B,H,H,H,B,B,B,H,B,C,C,H,B,B,B,B,B,B,B,B,B,B,NA,D,H,H,H,B,B,B,B,D,C,B,B,A,A,H,C,A,A,A,C,H,B,B,D,H,H,B,B,B,B,B,B,B,B,B,B,D,B
42,A,A,A,A,A,A,A,A,A,H,A,A,H,A,A,NA,A,A,A,C,H,H,H,H,H,H,D,H,H,H,H,H,H,H,H,H,A,H,C,H,H,H,NA,H,C,C,H,C,H,H,H,H,B,B,B,B,B,B,B,B,B,B,H,H,H,C,H,B,NA,H,B,B,B,B,B,B,C,C,B,B,C,H,D,C,H,B,H,B,B,B,B,C,H,H,H,H,H,H,H,H,H,H,H,NA,C,C,H,H,C,H,B,B,B,B,B,B,B,B,B,B,B,B,B,B,B,B,B,B,B,B,B,H,B,B,B,B,B,B,B,B,C,B,B,A,H,B,B,B,B,C,C,C,C,H,H,H,H,H,H,H,H,H,H,H,H,D,H,H,H,H,H,NA,H,D,H,H,H,A,H,A,A,A,A,A,A,H,H,B,B,B,B,B,B,B,B,B,H,H,H,D,D,D,B
39,A,NA,A,A,A,A,A,NA,A,H,A,NA,H,H,A,A,A,A,A,C,H,H,NA,H,H,H,D,H,H,H,H,H,H,H,H,H,H,B,C,H,H,H,NA,H,C,C,H,C,H,NA,NA,H,NA,A,D,A,A,A,A,A,A,A,H,H,H,A,A,A,C,H,H,A,A,A,A,H,NA,A,A,A,A,NA,D,NA,H,H,H,H,NA,H,H,C,H,B,B,B,B,B,NA,B,C,B,B,NA,C,C,B,B,C,B,H,H,H,H,H,B,B,H,H,NA,B,H,NA,H,H,H,H,H,H,H,H,H,H,H,H,H,B,H,H,H,C,H,H,H,H,B,A,H,H,A,NA,C,C,A,A,A,A,A,A,A,A,A,A,A,A,D,A,A,A,A,A,A,A,NA,NA,A,A,H,H,A,A,A,A,A,A,B,B,H,H,B,H,A,D,D,H,H,A,A,A,D,D,D,A
59,H,C,H,H,H,H,B,B,H,A,H,H,A,H,C,C,C,C,H,A,A,H,B,H,B,B,B,H,B,B,H,H,B,B,B,H,B,H,C,H,H,H,C,B,C,C,B,C,B,H,H,B,B,B,B,B,B,B,B,B,H,H,H,H,H,C,B,H,C,H,H,H,H,H,H,B,D,NA,B,B,C,H,D,C,H,H,NA,H,H,B,H,NA,H,H,H,H,H,NA,H,D,H,H,B,NA,C,C,B,B,C,B,B,B,B,B,B,B,NA,B,B,B,D,B,B,B,B,B,B,B,B,B,H,H,B,H,H,B,B,H,H,H,C,B,H,H,H,B,B,B,H,C,B,C,C,B,NA,B,B,B,B,NA,B,B,B,B,B,B,H,B,B,B,B,B,B,B,B,B,B,H,H,H,C,B,B,B,C,H,H,B,B,H,H,B,D,B,B,B,B,B,B,NA,B,D,B
52,H,C,H,H,H,H,H,H,H,H,B,H,H,H,C,C,C,C,B,C,H,H,B,H,H,A,D,H,H,H,H,H,H,H,A,H,NA,B,C,H,H,H,C,H,C,A,A,A,A,H,H,H,NA,A,D,A,NA,A,A,NA,A,A,H,H,H,A,A,A,A,H,A,D,A,A,A,A,NA,NA,A,A,A,B,B,C,B,B,NA,B,B,B,B,NA,C,B,B,B,NA,NA,B,B,B,NA,B,NA,C,C,B,B,C,B,B,B,B,B,B,B,NA,B,B,B,B,B,B,B,B,B,B,H,H,H,B,B,H,B,B,H,H,B,B,B,C,H,B,C,H,B,A,H,B,A,NA,C,C,H,H,H,NA,H,H,H,H,H,H,H,H,D,H,H,H,H,H,H,H,H,B,D,H,H,H,H,C,H,H,H,C,B,B,B,B,H,B,NA,B,D,H,H,H,H,H,D,D,D,A
61,H,C,H,H,H,H,B,H,H,H,B,H,H,H,C,C,C,C,B,C,H,B,NA,B,B,NA,NA,B,B,B,B,B,NA,B,H,B,H,B,C,B,B,B,B,B,C,C,H,C,H,B,B,B,H,H,D,H,A,NA,H,H,H,H,A,A,H,C,H,H,C,NA,H,NA,H,H,H,H,NA,NA,H,C,C,H,D,NA,H,H,A,A,A,NA,A,NA,A,A,A,A,A,NA,A,A,A,D,A,NA,A,A,A,A,A,A,H,H,B,H,B,H,H,H,H,NA,D,H,H,H,H,H,H,B,B,B,B,B,B,B,B,NA,B,B,H,B,C,B,B,H,H,B,B,B,B,C,NA,C,NA,H,B,B,B,B,B,B,B,B,B,B,H,D,H,H,H,C,B,B,B,B,NA,NA,B,H,B,H,C,B,B,B,C,A,A,B,H,B,B,NA,B,B,B,B,B,B,B,B,B,D,H
66,B,C,B,B,B,B,B,B,B,B,B,H,B,B,C,C,C,C,B,C,B,H,H,H,H,A,D,H,H,H,H,H,H,H,A,H,A,NA,C,NA,NA,H,NA,H,C,A,A,A,NA,NA,NA,C,H,H,B,H,A,H,H,B,B,H,A,H,B,C,H,B,C,C,B,NA,B,B,B,D,NA,H,H,A,C,A,D,NA,A,A,A,A,A,A,A,NA,NA,A,A,A,NA,NA,A,A,A,NA,A,NA,A,A,H,H,C,H,H,H,H,H,H,H,NA,H,H,H,D,H,D,H,H,H,H,B,H,H,H,H,H,H,H,A,H,H,H,H,C,H,H,H,H,NA,NA,NA,H,B,NA,C,NA,NA,B,B,B,B,B,B,B,B,B,B,NA,B,C,NA,B,NA,B,B,B,B,NA,B,B,B,H,B,C,B,B,B,C,A,A,H,H,H,H,H,D,D,H,H,B,B,B,B,B,B,H
61,H,C,H,H,H,H,H,H,H,A,B,H,A,H,NA,C,C,C,H,C,A,B,B,B,B,B,NA,B,B,B,B,B,B,B,B,B,A,A,C,B,B,B,B,B,C,C,B,C,D,B,B,C,B,B,B,B,B,B,B,B,B,B,H,H,H,C,H,B,C,H,H,B,B,B,B,B,B,B,B,B,C,H,D,H,H,H,H,H,H,NA,A,A,A,A,A,A,A,D,A,A,A,A,A,NA,A,A,H,H,C,H,B,B,H,H,H,A,A,B,H,B,D,C,H,H,B,B,B,A,A,A,H,H,A,H,H,A,B,H,NA,H,A,A,H,H,H,H,A,A,H,A,A,C,NA,B,H,H,B,B,B,B,B,B,B,B,B,B,C,B,B,B,B,H,H,H,H,H,H,H,B,H,C,H,H,H,C,A,A,H,H,B,H,A,D,D,A,A,H,H,B,B,B,D,B
37,B,C,B,B,B,B,B,B,B,B,B,H,B,B,C,C,C,C,B,C,B,H,B,B,B,NA,NA,B,B,B,B,B,B,B,H,B,H,H,C,H,H,B,B,B,C,C,H,C,D,H,H,C,NA,A,D,A,A,A,A,A,A,A,A,A,A,A,A,A,A,A,A,A,A,A,A,A,A,A,A,A,A,H,D,H,H,H,H,H,H,NA,B,B,C,B,B,B,B,B,B,B,NA,B,B,C,C,C,B,B,C,B,H,H,H,H,H,H,NA,H,H,A,D,H,H,H,H,H,H,A,A,A,A,H,A,A,A,A,A,H,A,A,A,A,A,H,H,A,A,A,A,A,A,A,NA,A,H,H,A,A,A,A,A,A,A,A,A,D,H,A,A,H,A,H,H,H,H,H,H,B,B,B,C,B,B,B,C,B,B,H,H,A,A,A,D,D,A,A,H,H,A,D,D,D,A
39,H,C,H,H,H,H,H,H,H,H,H,H,H,H,C,C,C,C,H,C,H,H,H,H,H,H,D,H,H,H,H,H,H,H,H,H,NA,H,C,H,H,H,H,H,C,C,H,C,H,H,H,C,A,A,D,A,H,A,A,A,A,NA,H,A,H,A,NA,A,C,H,H,A,A,A,A,A,A,A,H,H,A,A,D,A,A,A,A,A,A,A,H,A,NA,H,H,H,H,H,H,H,H,D,H,NA,C,C,A,A,C,A,B,B,B,B,NA,B,NA,B,B,B,D,B,B,B,B,B,B,A,A,A,A,A,A,A,A,A,H,NA,NA,A,C,A,A,A,A,H,A,A,A,A,A,A,NA,H,H,H,H,H,H,H,H,H,H,H,H,B,H,H,H,H,H,H,H,H,H,H,H,B,H,H,C,H,H,H,C,H,H,B,B,H,A,A,D,D,A,A,H,H,H,D,D,D,A
37,A,A,A,A,A,A,A,A,A,H,A,A,H,A,A,A,A,A,A,C,H,H,H,H,H,H,NA,H,H,H,H,A,H,H,H,H,B,H,C,H,H,H,D,H,C,C,H,C,H,H,H,H,H,H,D,H,H,H,H,H,B,B,H,H,B,C,H,B,C,B,B,B,B,B,H,H,H,H,H,C,C,H,D,A,H,A,NA,A,A,A,A,NA,A,A,A,A,A,H,A,A,A,A,A,NA,A,A,A,A,A,A,H,H,NA,H,H,H,NA,H,H,H,D,H,A,H,H,H,H,H,H,NA,H,H,H,H,H,H,A,H,H,H,C,H,H,H,H,B,A,H,H,H,A,A,NA,A,NA,H,H,H,H,H,H,H,H,H,A,D,D,A,A,H,H,H,H,H,C,H,H,H,H,A,A,A,A,A,A,A,A,H,H,A,H,NA,D,D,H,H,H,H,H,D,D,B,H
41,B,C,B,B,B,B,H,B,B,B,A,H,B,B,C,C,C,C,H,C,B,A,H,NA,A,A,D,A,A,A,A,A,A,A,A,A,B,B,C,H,H,A,A,A,A,A,A,A,H,A,A,H,A,A,D,A,H,A,A,A,A,A,A,A,A,A,A,A,A,A,D,A,A,A,A,A,A,A,A,H,A,H,D,H,H,H,NA,H,A,H,A,D,A,A,A,A,A,A,A,A,A,A,B,NA,C,C,B,B,C,B,B,B,B,B,B,H,H,B,B,B,D,B,B,B,B,B,B,H,H,H,H,A,H,NA,H,H,B,H,H,H,C,H,H,A,A,H,H,H,H,H,A,A,NA,H,H,H,NA,H,H,H,H,H,H,H,H,D,H,H,H,H,H,H,H,H,C,H,H,H,A,B,C,H,H,H,C,H,A,B,H,B,H,H,D,D,H,H,H,H,H,D,D,D,A
40,B,C,B,B,B,B,H,B,B,B,H,H,B,B,C,C,C,C,H,C,B,H,H,H,H,H,D,H,H,H,H,NA,H,H,A,H,H,NA,C,H,H,H,H,H,C,A,A,A,A,A,A,H,B,B,B,B,B,NA,B,B,B,B,B,B,B,C,H,B,C,B,B,B,B,B,B,B,C,B,B,C,C,H,D,D,A,A,A,A,A,A,A,D,A,A,A,A,A,A,A,A,A,A,H,NA,C,C,B,B,C,B,B,B,B,B,B,B,B,B,B,B,B,B,B,B,B,B,B,A,A,A,A,H,A,A,A,A,A,A,A,A,C,A,A,H,H,A,A,A,A,A,A,A,NA,H,H,H,H,H,H,H,H,H,H,H,H,D,C,NA,H,C,H,H,H,H,NA,H,H,A,H,B,C,H,H,H,C,A,A,B,B,A,A,A,D,D,A,A,H,H,H,D,D,B,B
55,H,C,H,H,H,H,H,NA,H,H,B,H,NA,H,C,NA,C,C,B,C,H,B,B,B,B,B,NA,B,B,B,B,B,B,B,B,B,B,B,C,B,B,B,B,B,C,C,B,C,B,B,B,C,NA,H,D,H,H,B,H,B,H,B,B,B,B,A,NA,B,NA,B,B,H,H,H,H,H,H,H,H,C,C,H,D,D,H,A,NA,A,A,A,A,A,A,A,A,A,A,A,A,A,A,NA,A,NA,A,A,H,H,C,H,H,H,H,H,H,H,B,H,H,H,D,H,H,H,H,H,H,A,A,A,A,A,A,A,A,A,B,H,H,H,A,A,H,A,A,H,A,A,A,D,A,A,NA,B,H,B,B,B,B,B,B,B,B,B,NA,B,C,C,B,C,B,B,B,B,B,H,A,H,B,H,C,H,H,H,C,A,A,H,H,B,H,A,D,D,A,A,H,B,B,B,B,B,H
40,H,C,H,H,H,H,H,H,H,H,H,H,H,H,C,C,C,C,H,C,H,A,H,A,A,A,D,A,A,A,A,A,A,A,A,NA,NA,NA,A,A,A,A,D,A,C,A,A,A,H,A,A,NA,H,H,D,A,H,H,H,A,A,A,H,H,H,NA,NA,A,C,D,H,B,A,A,A,A,A,A,H,H,A,B,B,NA,B,B,B,B,B,B,B,C,C,B,B,B,NA,B,B,B,B,NA,B,NA,C,C,A,A,NA,A,H,H,H,H,H,A,A,H,H,H,D,H,H,H,H,H,H,A,A,A,A,A,A,A,A,A,A,NA,NA,A,NA,A,A,A,A,A,A,A,A,A,D,C,C,A,H,H,NA,H,H,H,H,H,H,H,H,NA,A,A,A,H,H,H,H,H,NA,H,D,B,A,H,C,H,H,H,C,B,B,H,D,A,A,A,D,D,A,A,H,B,H,D,D,D,H
37,H,C,H,H,H,H,H,H,H,H,A,B,H,H,C,C,C,C,H,C,H,H,H,B,H,B,D,H,H,H,H,H,H,H,B,H,H,NA,C,H,A,H,H,H,C,C,B,C,B,NA,NA,NA,B,B,B,B,B,B,B,B,B,B,H,B,B,C,H,B,C,B,B,C,B,B,B,B,B,B,NA,B,C,H,D,NA,H,H,H,H,H,NA,H,NA,NA,B,B,B,B,B,B,B,B,NA,B,NA,C,C,B,B,C,B,B,B,B,B,B,B,B,B,B,B,B,B,B,B,B,B,B,A,A,A,A,A,A,A,A,A,A,A,A,A,A,A,A,A,A,NA,A,A,A,A,A,A,C,H,A,A,A,A,A,A,A,A,A,A,A,D,H,NA,A,H,A,H,A,H,NA,A,A,A,H,H,C,H,H,H,C,B,B,B,B,A,A,A,D,D,A,A,A,A,A,D,D,B,B
70,H,C,H,H,H,H,H,H,H,H,H,H,H,H,C,C,C,C,A,C,H,B,B,B,B,B,B,B,B,B,B,B,B,B,B,B,A,B,C,B,B,B,B,B,C,C,B,C,B,B,B,B,NA,H,D,H,H,H,H,H,H,B,B,B,B,C,H,H,C,H,B,NA,H,H,H,H,C,A,H,H,C,H,D,H,H,H,A,A,A,A,A,A,A,A,A,A,H,A,A,A,A,A,A,NA,A,A,H,H,C,B,B,B,B,B,B,B,B,B,B,B,B,B,B,B,B,B,B,NA,B,B,B,A,B,B,B,B,B,B,B,B,C,B,B,A,A,B,B,B,B,B,B,C,NA,B,B,B,B,B,B,B,B,B,B,B,NA,B,B,B,B,B,B,H,B,B,C,B,B,H,B,H,C,H,H,H,C,A,A,NA,B,B,B,B,B,B,B,B,B,B,B,B,B,B,H
35,H,C,NA,H,H,H,H,H,H,H,B,H,H,H,C,C,C,C,A,C,H,H,H,H,A,A,D,H,H,H,NA,H,H,A,A,H,H,NA,C,NA,H,NA,H,A,A,A,A,A,A,H,D,H,H,H,D,H,H,H,H,H,H,H,B,H,H,C,H,H,C,H,H,D,H,NA,H,H,B,H,H,C,C,H,D,H,H,A,A,A,A,A,A,A,NA,A,NA,A,A,NA,A,A,A,A,A,NA,A,A,A,NA,A,NA,H,H,H,H,H,H,H,H,H,A,D,NA,H,H,H,NA,H,B,B,B,B,H,B,B,B,B,H,B,B,B,C,B,NA,H,H,B,B,NA,B,B,NA,C,C,A,H,H,H,H,A,A,A,A,A,H,A,D,NA,A,A,A,H,NA,H,H,C,H,A,B,H,H,C,H,H,H,C,A,A,H,H,H,B,NA,B,B,B,B,H,NA,H,D,D,D,H
48,NA,NA,NA,NA,NA,NA,NA,NA,NA,NA,NA,H,NA,NA,NA,NA,NA,NA,NA,NA,NA,NA,NA,NA,NA,NA,NA,NA,NA,NA,NA,NA,NA,NA,NA,NA,NA,NA,NA,NA,NA,NA,NA,NA,NA,NA,NA,NA,NA,A,A,A,B,NA,NA,NA,NA,NA,NA,NA,NA,NA,NA,NA,NA,NA,NA,C,NA,NA,NA,NA,NA,NA,NA,NA,NA,NA,NA,NA,NA,NA,NA,NA,NA,NA,NA,NA,NA,NA,NA,NA,NA,NA,NA,NA,NA,NA,NA,NA,NA,NA,NA,NA,NA,NA,NA,NA,NA,NA,NA,NA,NA,NA,NA,NA,NA,NA,NA,NA,NA,NA,NA,NA,NA,NA,NA,NA,NA,NA,NA,NA,NA,NA,NA,NA,NA,NA,NA,NA,NA,NA,NA,NA,NA,NA,NA,NA,NA,NA,NA,NA,NA,NA,NA,NA,H,B,B,NA,H,NA,NA,NA,C,NA,NA,NA,NA,NA,NA,NA,NA,NA,NA,NA,NA,H,NA,NA,NA,NA,NA,NA,NA,NA,NA,NA,NA,NA,NA,NA,NA,NA,NA,NA,NA,NA,NA,NA,NA,NA,NA
39,H,C,H,H,H,H,H,A,H,A,H,A,H,A,NA,C,C,C,NA,NA,A,B,H,B,B,B,B,B,B,B,NA,B,NA,B,B,B,H,NA,C,NA,NA,H,NA,B,C,C,B,C,C,NA,NA,NA,H,H,D,H,H,H,H,B,H,H,B,H,H,C,H,B,C,NA,NA,NA,H,NA,H,NA,NA,H,NA,NA,C,B,B,NA,B,B,NA,B,B,B,B,NA,D,NA,B,B,B,NA,B,B,NA,H,B,NA,C,C,NA,B,NA,B,B,B,B,B,B,B,B,B,B,B,B,NA,NA,B,NA,B,NA,B,B,B,B,B,B,B,B,B,NA,B,B,B,NA,B,B,H,B,B,B,NA,NA,NA,NA,C,NA,NA,NA,NA,H,H,H,H,H,H,D,H,H,NA,H,H,NA,NA,NA,NA,NA,C,NA,NA,H,NA,NA,H,NA,NA,NA,NA,NA,NA,NA,B,NA,B,NA,B,NA,NA,NA,NA,H,H,H,NA,NA,NA,NA
59,H,C,H,H,H,H,H,H,H,A,H,H,NA,H,C,NA,C,C,B,C,A,B,B,B,H,H,D,B,B,B,B,NA,B,H,H,NA,NA,B,C,B,B,H,B,H,C,C,H,C,H,B,B,H,H,H,D,H,B,H,H,H,H,H,A,H,H,NA,NA,H,NA,H,H,H,H,H,H,H,C,NA,B,B,C,H,D,H,H,H,NA,H,H,H,NA,B,C,B,B,B,B,B,B,B,B,B,B,NA,C,C,B,B,NA,B,H,H,H,H,H,H,H,H,H,H,D,H,H,H,H,H,H,B,B,B,B,H,B,B,B,B,B,NA,NA,NA,NA,B,B,H,H,B,B,B,B,B,B,A,NA,B,B,H,NA,H,B,H,B,B,B,H,B,NA,B,B,B,B,H,H,H,H,H,B,B,NA,B,H,C,H,H,H,C,B,B,H,H,B,B,B,B,B,B,B,B,NA,NA,D,D,D,H
54,H,C,H,H,H,H,H,H,H,H,B,H,H,H,C,C,C,C,NA,C,H,B,B,B,B,NA,NA,B,B,B,B,B,B,B,H,B,B,B,C,B,B,H,B,B,C,C,NA,C,A,B,B,H,H,H,D,H,H,H,H,NA,H,H,A,A,H,C,H,H,C,A,H,H,H,H,H,H,C,A,H,A,C,H,D,H,H,H,H,H,H,H,A,NA,H,H,H,H,H,H,H,H,H,H,H,NA,C,C,H,H,C,H,NA,H,H,H,H,H,H,H,H,B,D,H,H,H,H,H,H,A,A,A,A,A,A,A,A,A,A,A,A,A,A,A,A,A,A,A,A,A,A,A,A,A,NA,B,B,B,NA,B,B,B,B,B,B,B,B,B,B,NA,B,B,B,H,B,B,B,B,NA,B,B,H,C,H,H,H,C,H,H,H,H,A,A,A,D,D,A,A,B,B,B,B,B,D,H
52,H,C,H,H,H,H,H,NA,H,H,A,H,H,H,C,C,C,C,A,C,H,A,A,A,A,A,D,A,A,A,A,A,A,A,A,A,A,A,A,A,A,A,A,A,A,A,A,A,A,A,A,A,A,A,D,A,A,A,A,NA,A,A,A,A,A,A,A,A,A,A,H,A,A,A,A,A,A,A,A,C,A,B,B,NA,B,H,H,H,H,NA,H,C,H,H,H,H,H,H,H,H,H,H,H,NA,C,C,H,H,C,H,H,H,B,H,B,B,B,H,H,H,B,H,D,H,H,H,D,B,B,B,B,B,B,B,B,B,B,B,B,B,C,B,B,B,H,B,B,B,B,B,C,C,C,H,H,H,H,H,H,H,H,H,H,H,H,D,H,H,H,NA,H,H,H,H,C,H,H,B,A,H,C,H,H,H,C,H,H,B,D,B,B,NA,B,B,B,B,H,H,H,D,D,D,A
41,H,C,H,H,H,H,B,H,H,A,B,H,H,H,C,C,C,C,H,C,H,A,A,A,H,H,D,A,A,A,A,NA,A,H,H,A,A,A,A,A,A,A,A,H,C,C,H,C,H,A,A,A,B,H,D,H,B,B,H,H,H,H,H,H,H,C,H,H,C,D,NA,H,H,B,H,H,C,NA,B,B,C,B,B,NA,B,B,NA,B,B,NA,B,C,B,B,B,B,B,B,B,B,B,B,B,NA,C,C,B,B,C,H,H,H,H,H,H,H,H,H,H,H,D,H,D,H,H,H,H,A,A,A,A,A,A,A,A,A,H,A,A,A,A,A,A,A,A,A,A,A,A,A,A,A,NA,H,H,H,NA,H,H,H,H,H,H,H,H,D,H,H,H,C,H,H,H,H,C,H,H,A,A,H,C,B,B,B,C,B,B,H,D,A,A,A,D,D,A,A,H,H,H,D,D,D,H
66,H,C,H,H,H,H,H,H,H,B,H,H,H,H,C,C,C,C,H,C,H,H,H,H,H,H,D,H,H,H,H,H,H,H,H,H,A,H,C,H,H,H,H,H,C,C,H,C,H,H,H,D,H,H,D,H,H,H,H,H,H,A,H,H,H,C,H,H,C,D,H,H,H,H,H,H,C,NA,H,A,C,A,D,NA,H,H,H,H,H,H,H,NA,H,H,H,H,H,H,H,H,H,NA,H,NA,C,C,A,A,A,A,B,B,B,NA,B,B,B,B,B,B,D,B,NA,NA,B,B,B,A,A,A,A,A,A,A,A,A,A,A,A,NA,A,A,A,A,A,A,A,A,A,A,A,A,NA,B,B,B,B,B,H,H,H,H,H,B,B,B,B,B,B,C,B,B,B,B,C,B,B,A,H,H,C,H,H,H,C,H,H,B,B,A,A,A,D,D,A,A,B,B,B,B,B,D,H
42,H,C,H,H,H,H,H,H,NA,H,H,H,H,H,C,C,C,C,NA,C,H,H,B,H,A,H,D,H,H,H,H,H,A,H,H,NA,NA,H,C,H,H,H,D,H,C,C,H,C,H,H,H,B,H,H,D,H,H,H,H,H,H,H,H,H,H,NA,NA,H,C,H,NA,H,H,H,H,H,C,NA,H,C,C,H,D,NA,H,H,H,H,H,H,NA,H,H,H,H,NA,H,H,H,D,H,H,H,NA,C,C,A,A,NA,A,B,NA,B,B,B,B,B,B,B,B,B,B,C,NA,B,B,B,A,H,H,H,B,H,H,H,NA,H,NA,NA,NA,NA,H,H,B,H,H,H,H,H,H,A,C,NA,H,H,H,H,H,H,H,H,H,H,C,H,NA,H,NA,H,H,H,H,H,H,C,H,A,H,H,H,C,H,H,H,C,NA,H,B,B,H,H,H,D,D,H,H,H,H,H,D,D,D,H
63,H,C,H,H,H,H,B,H,H,H,B,H,H,H,C,C,C,C,B,C,H,B,B,B,H,H,D,B,H,H,B,B,NA,H,H,B,B,H,C,B,B,B,C,H,C,C,H,C,H,B,B,B,H,H,D,H,H,H,H,H,H,H,H,H,H,C,H,H,C,H,H,H,H,H,H,H,H,H,H,C,C,H,D,D,H,H,NA,H,H,H,H,H,B,A,A,A,A,A,A,A,A,A,A,NA,A,A,H,H,C,H,H,H,H,H,H,H,B,H,H,H,D,H,C,H,H,H,H,NA,H,H,H,H,H,H,H,H,H,H,H,H,C,H,H,H,H,H,H,H,H,H,D,C,NA,B,B,B,B,B,B,B,B,B,B,C,B,B,B,B,B,B,B,B,B,B,B,B,B,H,B,H,C,B,B,B,C,A,A,H,H,H,H,H,D,D,H,H,B,B,B,B,B,D,H
48,NA,NA,NA,NA,NA,NA,NA,NA,NA,NA,NA,H,NA,NA,NA,NA,NA,NA,NA,NA,NA,NA,NA,NA,NA,NA,NA,NA,NA,NA,NA,NA,NA,NA,NA,NA,NA,NA,NA,NA,NA,NA,NA,NA,NA,NA,NA,NA,NA,H,H,H,H,NA,NA,NA,NA,NA,NA,NA,NA,NA,NA,NA,NA,NA,NA,A,NA,NA,NA,NA,NA,NA,NA,NA,NA,NA,NA,NA,NA,NA,NA,NA,NA,NA,NA,NA,NA,NA,NA,NA,NA,NA,NA,NA,NA,NA,NA,NA,NA,NA,NA,NA,NA,NA,NA,NA,NA,NA,NA,NA,NA,NA,NA,NA,NA,NA,NA,NA,NA,NA,NA,NA,NA,NA,NA,NA,NA,NA,NA,NA,NA,NA,NA,NA,NA,NA,NA,NA,NA,NA,NA,NA,NA,NA,NA,NA,NA,NA,NA,NA,NA,NA,NA,NA,NA,H,H,H,H,A,D,H,H,NA,NA,NA,NA,NA,NA,NA,NA,NA,NA,NA,NA,B,NA,NA,NA,NA,NA,NA,NA,NA,NA,NA,NA,NA,NA,NA,NA,NA,NA,NA,NA,NA,NA,NA,NA,NA,NA
39,H,C,H,H,H,H,H,A,H,A,NA,H,H,H,C,C,C,C,NA,C,H,H,NA,H,H,H,D,H,H,H,H,H,H,H,H,H,H,A,C,H,H,H,D,H,C,C,H,C,H,H,H,H,A,A,D,A,A,A,A,A,H,H,H,H,H,A,A,H,C,H,H,C,H,A,A,A,A,A,A,H,A,H,D,NA,H,H,H,H,H,H,H,H,NA,H,H,H,H,H,H,D,H,A,H,C,C,C,H,H,C,A,B,B,B,B,B,B,B,B,B,B,B,B,B,B,B,B,B,H,H,B,H,H,H,B,H,H,B,B,B,NA,C,H,B,H,H,B,A,H,H,H,NA,C,NA,A,H,H,H,H,H,H,H,H,A,H,A,D,A,A,A,H,H,H,H,H,H,H,H,NA,H,H,C,H,H,H,C,H,H,B,B,B,B,H,B,D,H,H,H,H,H,D,D,D,A
37,A,NA,A,A,A,A,B,A,A,A,B,NA,A,A,A,A,A,A,H,A,A,H,H,H,H,H,D,H,H,H,H,H,H,H,H,H,H,A,C,H,H,H,H,H,C,C,H,C,H,H,H,H,B,B,B,B,B,B,B,B,B,B,B,B,B,C,H,B,C,B,B,B,B,B,B,B,B,NA,B,B,C,B,B,NA,B,H,H,H,H,H,H,H,H,H,H,H,NA,H,H,D,H,H,H,NA,C,C,B,B,C,B,H,H,B,B,B,B,B,H,B,H,B,B,B,B,H,H,H,NA,H,NA,NA,H,H,A,NA,H,H,A,A,A,C,H,A,H,H,H,H,H,A,H,D,C,NA,A,A,A,NA,A,A,A,A,A,A,A,A,D,A,A,A,A,A,A,A,A,D,A,A,H,H,A,C,B,B,B,A,H,H,B,B,H,A,NA,D,D,H,H,A,A,A,D,D,B,B
35,B,C,B,B,B,B,B,B,B,H,B,H,H,B,C,C,C,C,B,C,H,A,A,A,B,H,D,A,A,A,A,A,H,H,H,A,H,A,A,A,A,A,A,H,C,C,H,C,H,A,A,A,B,B,B,B,B,B,B,B,B,B,B,B,B,C,H,B,C,B,B,B,B,B,B,B,B,B,B,A,C,A,D,NA,H,H,NA,NA,NA,H,H,D,NA,H,H,H,H,H,NA,D,H,H,A,NA,A,A,H,H,C,H,B,B,H,B,H,H,B,B,H,B,D,C,B,B,B,B,B,A,A,A,A,H,A,A,NA,A,H,A,A,NA,A,A,A,H,H,B,A,A,A,A,D,A,NA,H,H,H,A,A,A,A,A,A,A,A,A,D,C,H,H,A,A,H,H,H,NA,H,A,H,A,B,C,B,B,B,C,H,H,H,D,H,A,A,D,D,A,A,H,A,A,D,D,B,B
39,B,C,B,B,B,B,B,B,B,B,B,H,B,B,NA,C,C,C,B,C,B,H,H,H,H,H,D,H,H,H,H,H,H,H,H,H,H,H,C,H,H,H,H,H,C,C,H,C,H,H,H,H,NA,H,D,A,H,H,H,A,A,A,A,A,A,A,H,A,A,A,A,A,A,A,A,C,NA,A,H,C,C,A,D,A,A,A,NA,A,A,NA,H,A,A,A,A,H,A,A,A,A,A,A,A,NA,A,C,A,A,A,A,B,B,B,B,B,B,B,B,B,B,B,B,B,B,B,B,B,H,H,H,H,H,H,H,H,H,H,H,H,H,C,H,H,H,H,A,A,H,H,B,H,C,NA,H,NA,H,NA,H,H,H,H,H,H,H,H,D,H,H,H,C,H,H,H,H,NA,H,H,A,H,B,C,B,B,B,C,A,A,B,B,H,H,H,D,D,H,H,H,H,H,D,D,D,H
42,B,C,B,B,B,B,B,B,B,B,B,H,B,B,C,C,C,C,B,C,B,H,H,H,B,B,B,H,H,H,H,H,H,B,B,H,A,A,C,H,H,H,H,B,C,C,B,C,B,H,H,H,H,H,D,H,H,H,H,H,H,B,B,B,B,A,H,H,C,B,B,H,H,H,H,H,B,NA,H,H,C,B,B,B,B,B,H,H,H,H,H,H,H,H,H,H,H,H,H,A,H,A,H,NA,C,C,H,H,C,H,B,B,B,B,B,B,B,B,B,B,B,B,B,B,B,B,B,H,H,H,H,H,H,H,H,H,H,H,H,H,C,H,H,H,H,H,H,H,H,H,H,C,NA,H,B,B,B,B,H,H,H,H,H,B,H,D,A,A,H,H,B,B,B,B,B,A,NA,H,H,B,C,B,B,B,C,H,H,B,B,H,H,NA,D,D,H,H,B,B,H,B,B,B,H
35,H,C,H,H,H,H,B,H,H,H,B,H,H,H,C,C,C,C,B,C,H,B,B,B,B,H,B,B,B,B,B,B,B,B,H,B,B,B,C,B,B,B,H,B,C,C,H,C,H,B,B,C,H,H,D,H,H,H,H,H,H,H,H,H,H,C,H,H,C,NA,NA,H,H,H,H,H,B,NA,H,H,C,NA,D,A,A,A,A,A,A,A,A,H,A,A,A,H,H,A,A,A,D,D,A,NA,A,A,A,A,A,A,H,H,H,H,H,H,B,H,H,H,B,H,H,H,H,H,H,H,H,H,H,NA,H,H,H,H,H,H,H,H,C,H,H,A,A,H,H,H,H,H,NA,C,NA,A,H,H,A,A,A,A,A,A,A,H,A,D,H,A,B,A,A,H,H,H,C,H,H,H,B,H,C,B,B,B,C,A,A,H,H,H,H,H,D,D,H,H,H,H,A,D,D,D,H
39,H,C,H,H,H,H,H,H,H,H,H,H,NA,H,C,C,C,C,H,C,H,H,H,H,B,B,B,H,H,H,H,H,NA,B,B,NA,NA,H,C,H,H,H,D,B,C,C,B,C,H,H,H,C,B,B,B,B,B,B,B,B,H,H,H,H,H,NA,NA,H,C,H,H,H,H,B,B,B,H,B,B,H,C,B,B,B,H,H,H,H,H,H,NA,H,H,H,NA,H,H,H,H,H,H,H,H,NA,C,C,H,H,NA,H,A,NA,H,A,H,H,H,A,A,A,D,A,H,A,A,A,A,NA,H,H,H,H,H,H,H,H,B,A,H,H,NA,H,H,H,H,C,H,H,H,H,NA,C,NA,H,B,H,NA,NA,H,H,H,H,H,H,H,NA,H,H,H,H,H,H,H,B,B,B,B,B,H,H,C,H,H,H,C,H,H,H,H,B,H,A,D,D,H,H,B,B,H,D,D,D,B
35,H,C,H,H,H,H,H,H,H,H,A,H,NA,H,C,C,C,C,H,C,H,A,A,A,A,A,D,A,A,A,A,A,A,A,A,NA,NA,A,C,A,A,A,A,A,A,A,A,A,A,A,A,A,H,A,D,A,A,A,A,A,A,A,A,A,A,NA,NA,H,C,A,A,A,A,A,A,A,A,A,A,H,A,A,D,A,A,A,H,H,H,H,NA,D,H,H,NA,H,H,H,H,H,H,H,NA,NA,C,C,H,H,NA,A,B,B,H,B,H,H,B,B,B,B,D,B,B,B,B,B,B,A,A,A,A,A,NA,A,A,A,NA,NA,NA,NA,NA,A,A,A,A,A,A,H,A,A,A,A,NA,H,H,H,A,A,A,A,A,A,A,H,H,NA,H,H,H,A,A,H,H,H,C,H,A,H,A,H,C,H,H,H,C,H,H,H,NA,H,A,A,D,D,A,A,H,H,A,D,D,D,A
37,H,C,H,H,H,H,H,NA,H,H,H,H,H,H,C,C,C,C,D,C,H,B,B,B,B,B,B,B,B,B,B,B,B,B,B,NA,NA,B,C,B,B,B,B,B,C,C,B,C,B,B,B,B,B,B,B,B,B,B,B,B,B,NA,H,B,B,NA,NA,B,C,B,B,B,B,B,B,B,C,B,B,B,C,H,D,H,H,H,H,H,NA,H,NA,A,A,A,A,H,A,A,A,A,A,H,A,D,A,A,H,H,NA,H,H,H,H,H,H,H,H,H,H,H,D,H,D,H,H,H,H,H,H,H,H,H,H,H,H,H,B,NA,B,NA,NA,B,B,H,H,B,H,H,H,H,D,C,NA,H,H,H,NA,NA,H,H,H,H,H,H,H,NA,H,H,H,H,H,H,H,H,C,H,H,A,NA,B,C,H,H,H,C,A,A,H,H,B,B,H,D,D,H,H,H,H,H,D,D,B,B
48,H,C,H,H,H,H,B,H,H,A,B,H,H,H,C,C,C,C,NA,NA,H,B,A,B,B,B,B,B,B,B,B,B,B,B,B,NA,NA,A,A,NA,NA,NA,NA,B,C,C,H,C,NA,NA,NA,NA,B,B,D,B,B,B,B,B,H,H,B,B,H,NA,NA,H,C,NA,NA,NA,H,A,NA,D,NA,H,B,NA,C,B,B,C,B,B,B,B,B,NA,NA,NA,NA,NA,H,H,NA,A,H,C,C,NA,A,NA,A,C,H,H,NA,H,H,H,H,H,H,H,H,H,H,A,D,NA,NA,H,H,NA,NA,A,A,A,A,H,A,H,A,A,H,NA,B,B,NA,NA,H,H,NA,NA,C,A,C,NA,NA,A,NA,A,B,H,NA,H,H,H,H,H,H,H,H,NA,A,NA,NA,NA,NA,NA,NA,C,NA,C,NA,B,B,H,C,B,B,B,C,A,H,H,H,H,H,A,D,D,A,A,B,B,H,D,D,D,B
48,NA,NA,NA,NA,NA,NA,NA,NA,NA,NA,NA,H,NA,NA,NA,NA,NA,NA,NA,NA,NA,NA,NA,NA,NA,NA,NA,NA,NA,NA,NA,NA,NA,NA,NA,NA,NA,NA,NA,NA,NA,NA,NA,NA,NA,NA,NA,NA,NA,H,A,H,B,NA,NA,NA,NA,NA,NA,NA,NA,NA,NA,NA,NA,NA,NA,A,NA,NA,NA,NA,NA,NA,NA,NA,NA,NA,NA,NA,NA,NA,NA,NA,NA,NA,NA,NA,NA,NA,NA,NA,NA,NA,NA,NA,NA,NA,NA,NA,NA,NA,NA,NA,NA,NA,NA,NA,NA,NA,NA,NA,NA,NA,NA,NA,NA,NA,NA,NA,NA,NA,NA,NA,NA,NA,NA,NA,NA,NA,NA,H,NA,NA,NA,NA,NA,NA,NA,NA,NA,NA,NA,NA,NA,NA,NA,NA,NA,NA,NA,NA,NA,NA,NA,NA,H,H,B,B,B,H,C,H,C,NA,NA,NA,NA,NA,NA,NA,NA,NA,NA,NA,NA,B,NA,NA,NA,NA,NA,NA,NA,NA,NA,NA,NA,NA,NA,NA,NA,NA,NA,NA,NA,NA,NA,NA,NA,NA,NA
59,H,C,H,H,H,H,H,B,H,H,B,H,H,H,C,C,C,C,NA,C,H,A,A,A,A,A,D,A,A,A,A,A,A,A,A,A,H,H,A,A,A,A,A,A,A,A,A,A,A,A,A,D,A,A,D,A,A,A,A,A,A,A,B,B,H,A,A,A,C,H,H,A,A,A,A,A,A,A,A,H,A,A,D,A,A,H,B,B,B,B,B,C,B,B,B,B,NA,B,B,B,B,H,B,NA,C,C,B,B,C,B,B,B,B,B,B,B,H,B,B,B,B,B,B,B,B,B,B,A,A,A,A,A,A,A,A,A,A,H,A,A,A,A,A,A,A,A,A,A,A,A,H,A,C,A,H,H,A,A,A,A,A,A,A,A,A,D,D,A,A,NA,A,H,H,D,H,H,H,NA,A,H,C,H,H,H,C,B,B,B,H,A,A,A,D,D,A,A,H,H,A,D,D,D,A
42,H,C,H,H,H,H,H,H,H,H,H,H,H,H,C,C,C,C,H,C,H,H,H,H,A,A,D,H,H,H,H,H,H,A,A,H,NA,H,C,H,H,H,C,A,A,A,A,A,A,H,H,D,NA,H,D,H,H,H,H,H,H,H,A,A,A,C,H,H,A,H,H,H,H,H,H,B,H,H,H,D,C,B,B,C,B,B,NA,B,B,B,B,B,B,B,B,B,B,B,B,B,B,B,B,NA,C,C,B,B,C,NA,A,A,H,A,H,H,H,A,A,A,D,A,NA,A,A,A,A,H,H,H,H,A,H,H,H,H,H,H,H,H,C,H,H,A,A,H,H,H,H,H,D,C,C,H,H,H,H,H,H,H,H,H,H,H,H,D,H,H,H,NA,H,H,H,D,H,H,H,A,H,H,C,H,H,H,C,B,B,H,H,H,H,H,D,D,H,H,H,H,H,D,D,D,H
40,B,C,B,B,B,B,B,H,B,H,H,H,H,H,C,C,C,C,H,C,H,H,H,H,H,H,D,H,H,H,H,H,H,H,H,H,B,B,C,H,H,H,C,H,C,C,H,C,H,H,H,D,H,H,D,H,H,H,H,H,H,H,A,A,H,C,H,H,C,H,C,A,H,NA,H,H,A,H,H,H,C,B,B,B,B,B,B,B,B,B,B,B,B,B,B,B,B,B,B,B,B,C,B,NA,C,C,B,B,C,B,B,B,B,B,H,H,B,B,B,B,D,B,B,B,B,B,B,A,H,H,H,H,H,H,H,H,A,H,H,H,C,H,H,H,H,H,H,H,H,H,D,C,NA,H,H,H,H,H,H,H,H,H,H,H,H,D,H,H,H,H,H,H,H,H,D,H,H,H,H,B,C,B,B,B,C,B,B,B,B,A,H,H,D,D,H,H,H,H,H,D,D,D,H
61,H,C,H,H,H,H,H,H,H,B,H,H,H,H,C,C,C,C,H,C,H,H,H,H,A,A,D,H,H,H,H,H,H,A,A,H,H,H,C,H,H,H,H,A,C,A,A,A,A,H,H,H,A,A,B,A,A,A,A,A,H,NA,H,H,H,A,A,H,C,H,H,H,H,H,H,A,A,A,A,H,A,H,D,H,H,B,B,NA,B,B,B,B,B,H,H,H,H,H,H,H,H,H,H,NA,C,C,H,H,C,H,H,H,H,H,H,H,H,H,H,H,D,H,H,H,H,H,H,A,A,A,A,H,A,A,A,A,A,A,A,A,A,A,A,H,H,A,A,A,A,A,NA,C,C,B,H,B,NA,B,B,B,B,B,B,B,B,B,B,B,B,B,B,B,B,B,B,H,H,H,H,H,C,H,H,H,C,H,H,H,H,A,A,A,D,D,A,A,H,B,B,B,B,D,A
48,NA,NA,NA,NA,NA,NA,NA,NA,NA,NA,NA,H,NA,NA,NA,NA,NA,NA,NA,NA,NA,NA,NA,NA,NA,NA,NA,NA,NA,NA,NA,NA,NA,NA,NA,NA,NA,NA,NA,NA,NA,NA,NA,NA,NA,NA,NA,NA,NA,H,A,H,NA,NA,NA,NA,NA,NA,NA,NA,NA,NA,NA,NA,NA,NA,NA,C,NA,NA,NA,NA,NA,NA,NA,NA,NA,NA,NA,NA,NA,NA,NA,NA,NA,NA,B,NA,NA,B,NA,NA,NA,NA,NA,H,H,H,NA,NA,NA,NA,NA,NA,NA,NA,NA,NA,NA,NA,NA,NA,NA,NA,NA,NA,NA,NA,NA,NA,NA,NA,NA,NA,NA,NA,NA,NA,NA,NA,NA,B,NA,NA,NA,NA,NA,NA,NA,NA,NA,NA,NA,NA,NA,NA,NA,NA,NA,NA,NA,NA,NA,NA,NA,NA,NA,B,B,B,H,H,C,B,C,NA,NA,NA,NA,NA,NA,NA,NA,NA,NA,NA,NA,H,NA,NA,NA,NA,NA,NA,NA,NA,NA,NA,NA,NA,NA,NA,NA,NA,NA,NA,NA,NA,NA,NA,NA,NA,NA
41,H,C,H,H,H,H,H,H,H,H,H,H,H,H,NA,C,NA,NA,H,C,H,A,A,H,H,A,D,H,H,H,H,H,H,H,A,H,A,NA,A,A,A,H,H,H,A,A,A,NA,A,A,A,A,H,H,D,H,NA,H,H,H,B,B,B,B,B,A,A,B,C,B,NA,B,B,NA,H,H,A,A,A,C,C,H,NA,A,A,A,A,A,A,A,A,A,H,H,H,H,H,H,H,A,H,H,H,NA,C,NA,H,H,C,H,H,H,H,H,H,H,H,H,H,H,D,H,NA,H,H,H,H,A,A,A,A,H,A,A,A,A,H,A,A,A,A,A,A,H,H,A,C,A,A,D,D,C,NA,A,H,H,NA,H,H,H,H,H,H,H,A,D,D,A,A,NA,H,H,H,H,H,H,H,NA,H,H,C,H,H,H,C,H,H,H,H,H,A,A,D,D,A,A,H,H,H,NA,D,D,H
47,NA,NA,NA,NA,NA,NA,NA,NA,NA,NA,NA,A,NA,NA,NA,C,A,A,B,A,A,NA,NA,NA,NA,NA,NA,NA,NA,NA,NA,NA,NA,NA,NA,B,H,NA,C,H,NA,NA,NA,B,C,C,B,C,B,NA,NA,NA,H,NA,NA,NA,NA,NA,NA,NA,NA,NA,NA,NA,NA,C,H,B,C,H,NA,H,H,NA,H,NA,A,H,H,NA,C,NA,NA,NA,NA,NA,B,NA,NA,B,B,NA,C,B,NA,B,B,NA,NA,B,NA,H,NA,NA,C,NA,NA,H,C,NA,NA,NA,NA,NA,NA,NA,NA,NA,NA,NA,D,B,NA,B,B,B,B,NA,NA,NA,NA,B,NA,NA,NA,NA,NA,H,H,H,C,H,H,C,NA,A,NA,NA,NA,NA,NA,C,NA,NA,NA,NA,H,H,H,H,H,H,H,H,H,D,H,A,NA,NA,H,H,H,H,NA,H,H,H,NA,NA,NA,NA,NA,NA,NA,NA,NA,NA,NA,NA,NA,NA,NA,NA,NA,NA,NA,NA,NA,NA,NA,NA,NA
54,B,C,B,B,B,B,B,B,B,B,B,H,B,B,C,C,C,C,B,C,B,H,H,H,H,H,D,H,H,H,H,H,H,H,H,H,B,B,C,H,H,H,NA,H,C,C,H,C,H,H,H,H,H,H,D,H,H,H,H,H,H,H,H,H,H,C,H,B,C,D,NA,H,H,C,H,H,H,H,H,H,C,A,D,A,A,A,A,A,A,A,H,NA,H,H,H,H,H,NA,H,D,H,H,H,H,C,C,NA,A,A,NA,B,B,H,B,H,H,H,B,H,B,D,H,B,B,B,B,B,H,H,H,H,A,H,H,H,H,B,H,H,H,C,H,H,A,A,H,C,H,H,H,NA,A,NA,B,NA,H,B,B,B,B,B,B,B,B,B,B,B,B,B,B,B,H,H,H,H,H,H,NA,H,B,C,B,B,B,C,H,H,H,B,B,H,B,D,D,H,H,H,H,B,B,B,D,H
56,NA,NA,NA,NA,NA,NA,NA,NA,NA,NA,NA,H,NA,NA,C,C,C,C,H,C,H,NA,NA,NA,NA,NA,NA,NA,NA,NA,NA,NA,NA,NA,NA,H,H,H,C,H,H,H,D,H,C,C,H,C,H,H,H,H,H,NA,NA,NA,NA,NA,NA,NA,NA,NA,NA,NA,NA,C,H,A,A,A,A,A,A,H,H,H,H,C,H,A,C,NA,B,B,NA,NA,B,NA,NA,B,B,B,NA,B,NA,B,B,B,NA,B,B,B,NA,B,C,C,NA,H,C,NA,NA,NA,NA,NA,NA,NA,NA,NA,NA,NA,D,H,C,H,H,H,H,NA,NA,NA,NA,A,NA,NA,NA,NA,NA,H,H,H,C,H,H,A,A,B,H,H,H,H,H,C,NA,NA,NA,NA,H,H,B,B,B,B,B,H,NA,B,B,B,B,NA,H,H,H,H,H,H,H,H,NA,NA,NA,NA,NA,NA,NA,NA,NA,NA,NA,NA,NA,NA,NA,NA,NA,NA,NA,NA,NA,NA,NA,NA,NA
39,NA,NA,NA,NA,NA,NA,NA,NA,NA,NA,NA,H,NA,NA,C,C,C,C,NA,C,H,NA,NA,NA,NA,NA,NA,NA,NA,NA,NA,NA,NA,NA,NA,H,H,H,C,H,H,H,D,H,C,A,H,C,H,H,H,H,H,NA,NA,NA,NA,NA,NA,NA,NA,NA,NA,NA,NA,C,H,H,A,A,A,A,A,H,H,H,H,H,H,H,C,NA,D,A,NA,NA,A,NA,NA,A,H,NA,H,H,NA,H,NA,H,NA,H,H,H,NA,H,C,C,NA,B,C,NA,NA,NA,NA,NA,NA,NA,NA,NA,NA,NA,D,H,B,B,H,H,H,NA,NA,NA,NA,A,NA,NA,NA,NA,NA,H,A,A,A,A,A,A,A,A,A,A,A,A,A,A,NA,NA,NA,NA,H,H,H,H,H,H,H,H,H,B,B,B,B,NA,H,H,H,H,H,H,H,NA,NA,NA,NA,NA,NA,NA,NA,NA,NA,NA,NA,NA,NA,NA,NA,NA,NA,NA,NA,NA,NA,NA,NA,NA,NA
59,NA,NA,NA,NA,NA,NA,NA,NA,NA,NA,NA,H,NA,NA,C,C,C,C,NA,C,H,NA,NA,NA,NA,NA,NA,NA,NA,NA,NA,NA,NA,NA,NA,H,H,H,C,H,H,H,D,H,C,C,H,C,B,H,H,C,B,NA,NA,NA,NA,NA,NA,NA,NA,NA,NA,NA,NA,C,H,B,C,B,NA,B,B,B,B,B,B,B,B,B,C,NA,B,C,NA,NA,NA,NA,NA,B,B,NA,H,B,NA,B,B,B,NA,B,B,C,NA,H,C,C,NA,B,C,NA,NA,NA,NA,NA,NA,NA,NA,NA,NA,NA,D,H,B,H,H,H,H,NA,NA,NA,NA,H,NA,NA,NA,NA,NA,H,H,H,C,H,H,H,H,H,C,H,H,H,A,A,NA,NA,NA,NA,NA,B,B,B,B,B,B,B,B,D,H,H,B,NA,B,B,B,B,B,H,H,NA,NA,NA,NA,NA,NA,NA,NA,NA,NA,NA,NA,NA,NA,NA,NA,NA,NA,NA,NA,NA,NA,NA,NA,NA,NA
52,NA,NA,NA,NA,NA,NA,NA,NA,NA,NA,NA,H,NA,NA,C,C,C,C,NA,C,H,NA,NA,NA,NA,NA,NA,NA,NA,NA,NA,NA,NA,NA,NA,H,H,H,C,NA,B,NA,NA,H,C,A,NA,A,A,H,H,B,B,NA,NA,NA,NA,NA,NA,NA,NA,NA,NA,NA,NA,C,H,B,C,B,B,NA,B,NA,B,B,C,B,B,C,C,NA,D,A,NA,NA,A,NA,NA,A,H,NA,NA,A,NA,H,H,H,NA,A,NA,H,NA,H,C,C,NA,B,C,NA,NA,NA,NA,NA,NA,NA,NA,NA,NA,NA,D,H,B,B,B,NA,H,NA,NA,NA,NA,H,NA,NA,NA,NA,NA,H,H,H,C,H,NA,H,H,NA,C,H,H,B,H,C,C,NA,NA,NA,H,H,H,H,H,H,H,H,H,D,C,A,NA,H,H,NA,H,H,H,H,A,NA,NA,NA,NA,NA,NA,NA,NA,NA,NA,NA,NA,NA,NA,NA,NA,NA,NA,NA,NA,NA,NA,NA,NA,NA,NA
48,NA,NA,NA,NA,NA,NA,NA,NA,NA,NA,NA,NA,NA,NA,NA,NA,NA,NA,NA,NA,NA,NA,NA,NA,NA,NA,NA,NA,NA,NA,NA,NA,NA,NA,NA,NA,NA,NA,NA,NA,NA,NA,NA,NA,NA,NA,NA,NA,NA,H,H,D,B,NA,NA,NA,NA,NA,NA,NA,NA,NA,NA,NA,NA,NA,NA,B,NA,NA,NA,NA,NA,NA,NA,NA,NA,NA,NA,NA,NA,NA,NA,NA,NA,NA,NA,NA,NA,NA,NA,NA,NA,NA,NA,NA,NA,NA,NA,NA,NA,NA,NA,NA,NA,NA,NA,NA,NA,NA,NA,NA,NA,NA,NA,NA,NA,NA,NA,NA,NA,NA,NA,NA,NA,NA,NA,NA,NA,NA,NA,NA,NA,NA,NA,NA,NA,NA,NA,NA,NA,NA,NA,NA,NA,NA,NA,NA,NA,NA,NA,NA,NA,NA,NA,NA,B,B,B,B,B,NA,H,H,H,NA,NA,NA,NA,NA,NA,NA,NA,NA,NA,NA,NA,NA,NA,NA,NA,NA,NA,NA,NA,NA,NA,NA,NA,NA,NA,NA,NA,NA,NA,NA,NA,NA,NA,NA,NA,NA,NA
56,B,C,B,B,B,B,B,B,B,H,H,H,H,B,C,NA,C,C,NA,C,H,H,H,H,H,H,D,H,H,H,H,H,H,H,H,H,H,H,NA,NA,H,NA,NA,H,NA,NA,H,A,A,H,H,D,NA,H,D,H,H,NA,H,H,H,H,H,H,A,C,H,H,NA,A,H,H,H,NA,H,H,NA,H,H,H,NA,A,D,H,H,A,H,H,H,H,H,H,NA,A,A,A,H,A,A,A,A,NA,A,NA,NA,A,H,NA,NA,A,H,B,A,H,A,A,A,H,H,A,NA,NA,H,H,H,NA,C,H,H,H,NA,H,NA,H,H,H,NA,H,H,H,C,H,NA,H,H,H,H,H,H,H,H,NA,NA,NA,B,H,H,H,H,H,H,H,H,H,H,NA,NA,H,NA,H,H,NA,A,H,A,B,B,NA,H,B,C,B,B,B,C,A,A,A,H,B,H,H,D,D,H,H,B,B,H,D,D,D,H
41,H,C,H,H,H,H,H,H,H,H,A,H,H,H,C,NA,C,C,A,C,H,A,H,NA,A,A,D,A,A,H,A,A,A,A,A,A,H,H,NA,A,A,A,NA,A,NA,NA,A,A,A,A,A,NA,H,H,D,H,H,H,H,H,H,H,H,H,H,C,H,H,NA,D,H,H,H,H,H,H,H,H,H,H,NA,NA,B,NA,B,H,H,NA,H,NA,H,NA,A,A,A,A,NA,A,A,A,A,D,A,D,NA,A,H,A,A,H,B,B,NA,B,B,B,B,B,B,B,NA,C,B,B,B,B,B,B,B,B,H,B,B,H,H,H,A,H,A,A,C,B,A,B,H,D,B,B,H,B,NA,NA,NA,NA,H,H,NA,H,H,H,H,NA,NA,H,H,D,H,H,H,C,H,H,H,H,H,H,H,H,A,H,C,H,H,H,C,A,A,NA,NA,A,A,H,D,B,B,B,H,H,H,D,D,D,H
68,H,C,H,H,H,H,H,B,H,H,H,B,NA,H,C,NA,C,C,NA,C,H,NA,H,H,H,H,D,H,H,H,H,H,NA,H,A,H,H,H,NA,H,H,H,D,H,NA,NA,H,C,A,H,H,NA,NA,B,D,NA,B,B,H,H,H,H,H,B,H,C,H,B,NA,D,B,C,A,B,B,NA,B,B,B,B,NA,H,D,NA,H,H,H,H,H,NA,B,NA,H,B,H,H,NA,B,H,B,B,C,H,NA,NA,C,NA,B,C,H,B,B,B,B,H,H,B,B,H,B,NA,B,B,B,B,B,B,H,H,H,H,NA,H,H,H,B,H,H,H,B,C,H,H,H,H,B,H,NA,B,H,NA,NA,NA,H,A,H,A,A,A,A,A,NA,NA,H,H,B,B,H,B,C,H,H,H,H,H,B,H,A,H,H,C,H,H,H,C,B,H,H,D,H,H,H,D,D,A,A,H,H,H,D,D,D,B
59,A,A,A,A,A,A,A,A,A,A,A,A,A,A,NA,A,A,A,NA,A,A,H,H,H,H,H,D,H,H,H,H,H,H,H,H,H,B,B,C,H,H,H,D,H,C,C,H,C,D,H,H,NA,NA,H,D,H,A,A,H,H,H,H,A,A,A,A,H,H,A,D,A,H,H,NA,H,C,H,H,A,A,A,A,D,A,NA,A,H,H,H,NA,H,NA,H,H,H,H,C,H,H,NA,H,H,H,H,C,C,H,H,C,H,A,A,A,A,A,A,A,A,A,A,D,A,A,A,A,A,A,H,H,H,H,H,H,H,H,H,H,H,H,H,C,H,H,H,H,B,H,H,H,H,D,C,C,H,B,B,B,B,B,B,H,NA,NA,B,H,D,H,H,H,C,B,B,B,B,B,B,B,H,H,NA,A,A,A,A,A,H,H,A,D,H,H,H,D,D,H,H,B,B,B,B,B,D,A
63,A,A,A,A,A,A,A,A,A,A,A,A,A,A,A,A,A,A,NA,A,A,A,A,H,H,H,NA,H,H,H,H,H,H,H,H,H,A,A,A,A,A,H,D,H,C,C,H,C,H,A,A,NA,B,H,D,H,B,B,H,H,H,A,A,A,A,C,H,A,C,D,A,H,H,H,B,H,A,NA,B,D,C,B,B,B,B,H,H,H,H,H,H,NA,B,H,H,H,C,NA,H,D,H,NA,A,A,A,A,A,A,A,A,B,B,B,NA,B,B,B,B,B,B,B,B,B,B,B,B,B,H,H,H,B,H,H,H,H,H,H,H,H,H,C,H,H,H,H,H,H,H,H,H,NA,C,C,NA,B,B,B,B,B,B,B,NA,NA,B,B,B,C,B,B,B,B,B,B,B,B,B,B,H,H,A,A,A,A,A,A,A,H,B,B,H,H,H,D,D,H,H,B,H,H,NA,B,D,B
61,H,C,H,H,H,H,H,H,H,B,B,H,B,H,C,C,C,C,NA,C,B,H,H,H,NA,NA,D,H,H,H,H,H,H,H,H,H,H,A,C,H,H,H,D,H,C,C,H,C,H,H,H,NA,B,B,B,B,B,B,B,B,B,NA,B,B,B,A,B,B,C,NA,B,B,B,B,B,B,B,B,B,A,C,H,D,H,H,H,H,H,H,H,H,NA,B,H,H,H,C,H,H,D,NA,H,H,H,C,C,H,H,C,H,B,B,B,B,B,B,B,B,B,B,B,B,C,B,B,B,B,H,H,H,H,H,H,B,H,H,H,NA,B,B,C,H,NA,H,H,H,H,H,H,H,D,C,C,B,B,B,B,B,B,B,B,NA,NA,B,B,B,C,B,B,B,B,B,B,B,B,B,B,H,H,H,C,H,H,H,C,A,H,B,B,B,B,H,B,D,H,H,B,B,B,B,B,B,B
63,H,C,H,H,H,H,H,H,H,H,H,H,H,H,A,C,C,C,H,C,H,H,H,H,H,A,D,H,H,H,H,H,H,H,NA,H,A,A,C,H,H,H,D,H,C,A,A,A,A,H,H,NA,H,H,D,H,H,H,H,H,H,H,H,H,H,C,H,H,C,D,H,H,H,H,H,H,H,H,H,B,C,H,B,B,H,H,H,H,H,H,H,NA,A,A,A,A,A,A,A,A,A,A,A,H,A,A,A,A,A,A,B,B,H,H,H,H,H,B,NA,B,D,H,H,H,B,B,B,H,H,H,A,A,H,A,A,H,A,A,A,A,C,H,A,A,A,A,A,A,A,H,D,C,C,B,B,B,B,B,B,B,B,NA,NA,B,B,B,B,B,B,B,B,B,B,B,B,B,B,H,H,H,C,NA,H,H,C,A,A,H,H,A,A,H,D,D,H,H,B,H,H,NA,B,D,H
41,B,C,B,B,B,B,NA,B,B,B,B,H,B,B,C,C,C,C,B,C,B,A,A,A,NA,NA,D,A,A,H,A,A,H,H,H,A,H,H,A,A,A,A,D,H,C,C,H,C,B,A,A,NA,NA,H,D,H,H,H,H,H,H,H,H,H,H,C,H,H,C,D,H,H,H,H,H,H,H,H,H,A,C,B,B,H,H,H,H,H,H,H,H,NA,H,H,H,H,C,H,H,H,A,A,H,H,C,C,H,H,C,H,B,B,B,B,B,B,B,B,B,B,B,B,B,B,B,B,B,A,A,A,NA,A,A,A,A,A,A,A,A,A,A,A,A,A,A,A,A,A,A,A,A,A,A,A,NA,B,B,B,H,H,H,NA,NA,B,H,D,H,A,A,H,B,B,B,D,B,B,B,H,A,B,C,B,B,B,C,H,H,B,B,A,A,NA,D,D,A,A,B,B,B,NA,B,D,H
39,B,C,B,B,B,B,B,B,B,B,H,B,B,B,C,C,C,C,H,C,B,H,H,B,H,H,D,B,B,B,B,B,H,H,H,B,H,H,C,NA,H,NA,C,H,C,C,H,C,H,H,H,NA,B,B,B,B,B,B,B,B,B,B,H,H,H,C,H,B,C,D,H,C,B,NA,B,B,B,B,B,B,C,H,D,H,H,H,A,A,A,A,A,NA,NA,A,A,A,A,A,A,A,D,D,A,D,A,A,NA,H,C,H,H,H,H,H,H,H,H,H,H,H,D,H,H,H,H,H,H,H,H,H,H,H,H,H,H,H,H,H,H,H,C,H,H,H,H,H,H,H,H,H,NA,C,C,NA,NA,H,H,H,H,H,H,NA,NA,H,H,D,H,A,H,H,H,H,H,H,H,H,H,A,B,B,C,NA,B,B,C,A,A,H,H,H,H,H,D,D,H,H,H,H,H,NA,D,D,B
54,H,C,H,H,H,H,H,H,H,NA,H,H,H,H,C,C,C,C,H,C,H,B,B,B,B,B,B,B,B,B,B,B,B,B,B,B,B,B,C,B,B,B,C,B,C,C,B,C,B,B,B,NA,B,B,B,B,B,B,NA,B,B,NA,H,H,H,C,H,B,C,H,H,B,B,B,B,B,B,B,B,B,C,A,D,H,H,H,B,NA,H,H,H,NA,H,H,H,H,C,H,H,H,H,H,H,D,C,C,H,H,C,H,A,A,A,A,A,A,A,A,A,A,D,A,A,A,A,A,A,H,H,B,H,H,H,H,H,H,H,H,H,H,C,H,H,H,H,H,H,H,H,H,H,A,C,NA,B,B,B,B,NA,B,H,NA,NA,B,B,B,H,B,B,B,B,B,B,B,B,B,B,B,B,H,C,NA,H,NA,C,NA,H,A,H,H,H,H,D,D,H,H,B,B,B,NA,B,D,B
59,H,C,H,H,H,B,A,H,H,H,A,H,H,H,C,C,C,C,A,C,H,A,A,A,H,H,D,A,A,A,A,A,H,H,H,A,A,A,A,A,A,A,A,H,C,C,H,C,H,A,A,NA,H,H,B,B,H,H,H,B,B,B,B,B,B,C,H,B,C,B,B,B,B,B,B,B,B,B,H,H,C,A,D,A,A,A,A,A,A,A,A,D,A,H,H,H,C,H,H,H,H,H,H,A,C,C,H,H,C,H,B,B,B,B,B,B,NA,NA,B,B,B,B,B,B,B,B,A,B,B,B,B,B,B,B,B,NA,A,H,H,H,C,B,B,B,H,A,B,B,B,B,H,C,C,B,A,H,H,H,H,H,H,NA,NA,H,B,B,B,B,B,H,H,H,H,H,H,A,A,B,A,H,C,A,A,A,C,H,H,B,B,A,H,B,B,B,B,B,A,NA,H,D,D,B,H
45,NA,NA,NA,NA,NA,NA,NA,NA,NA,NA,NA,A,H,H,A,A,A,A,A,C,H,A,A,A,NA,NA,NA,NA,NA,A,A,A,A,A,A,A,A,A,A,A,A,A,A,A,A,A,A,A,A,A,A,NA,NA,NA,NA,NA,NA,NA,NA,NA,NA,NA,B,B,B,C,H,B,C,B,B,B,B,B,B,B,B,B,H,H,C,NA,D,H,NA,NA,H,NA,NA,H,B,NA,H,H,NA,H,C,H,NA,H,H,H,NA,H,C,C,NA,H,C,NA,NA,NA,NA,NA,B,H,H,B,B,B,D,B,B,B,B,B,A,A,NA,NA,NA,H,A,A,A,A,A,A,A,A,A,A,A,H,H,A,A,A,A,A,A,C,A,NA,NA,NA,H,NA,H,H,H,NA,NA,H,H,D,H,C,H,H,H,H,H,H,H,H,H,A,NA,NA,NA,NA,NA,NA,NA,NA,NA,NA,NA,NA,NA,NA,NA,NA,NA,NA,NA,NA,NA,NA,NA,NA,NA
39,NA,NA,NA,NA,NA,NA,NA,NA,NA,NA,NA,H,H,H,A,C,C,C,H,C,H,H,H,H,NA,NA,NA,NA,NA,H,H,H,H,H,H,H,H,B,C,H,H,H,H,H,C,C,H,C,H,H,H,NA,H,NA,NA,NA,NA,NA,NA,NA,NA,NA,B,B,B,C,H,B,C,B,B,A,H,H,A,A,A,A,H,H,A,NA,NA,H,NA,NA,H,NA,NA,A,A,D,A,A,NA,A,A,A,NA,H,A,A,NA,H,A,A,NA,H,C,NA,NA,NA,NA,NA,H,H,H,B,B,B,D,B,B,B,B,B,A,H,NA,NA,NA,B,H,H,H,H,B,H,H,H,C,H,H,B,H,H,H,NA,H,H,H,C,C,NA,NA,NA,NA,H,H,H,H,NA,NA,H,A,D,A,A,A,H,H,H,H,H,H,B,B,NA,NA,NA,NA,NA,NA,NA,NA,NA,NA,NA,NA,NA,NA,NA,NA,NA,NA,NA,NA,NA,NA,NA,NA,NA,NA
48,NA,NA,NA,NA,NA,NA,NA,NA,NA,NA,NA,H,B,H,NA,NA,NA,NA,NA,NA,NA,NA,H,H,NA,NA,NA,NA,NA,H,H,NA,NA,H,H,NA,NA,NA,NA,NA,NA,NA,NA,NA,NA,NA,NA,NA,NA,H,H,NA,B,NA,NA,NA,NA,NA,NA,NA,NA,NA,B,B,B,NA,NA,B,NA,NA,NA,NA,NA,NA,NA,NA,NA,NA,NA,NA,NA,NA,NA,NA,NA,NA,H,NA,NA,H,NA,NA,NA,NA,NA,B,C,B,NA,NA,NA,NA,NA,NA,NA,NA,NA,NA,NA,NA,NA,NA,NA,NA,NA,H,H,B,H,NA,NA,NA,NA,NA,NA,NA,NA,B,NA,NA,NA,H,NA,B,B,B,NA,NA,NA,NA,NA,NA,NA,NA,NA,NA,NA,NA,NA,NA,NA,NA,NA,NA,NA,NA,B,B,B,B,B,NA,NA,B,NA,NA,NA,NA,NA,NA,NA,NA,NA,NA,NA,NA,NA,NA,NA,NA,NA,NA,NA,NA,NA,NA,NA,NA,NA,NA,NA,NA,NA,NA,NA,NA,NA,NA,NA,NA,NA,NA,NA
68,NA,NA,NA,NA,NA,NA,NA,NA,NA,NA,NA,H,B,B,C,C,C,C,B,C,B,H,H,H,NA,NA,NA,NA,NA,H,H,H,H,A,A,NA,NA,NA,C,H,NA,H,NA,A,A,A,H,C,H,H,H,NA,B,NA,NA,NA,NA,NA,NA,NA,NA,NA,B,B,B,NA,NA,B,C,B,B,B,B,B,B,B,B,B,B,C,C,NA,NA,A,NA,NA,A,NA,NA,A,NA,C,B,B,NA,B,C,B,NA,B,B,B,NA,B,C,C,NA,B,NA,NA,NA,NA,NA,NA,B,B,B,B,B,B,B,B,NA,B,B,B,B,B,NA,NA,NA,H,B,B,B,B,H,NA,NA,NA,C,B,B,H,H,H,H,NA,B,B,B,C,C,NA,NA,NA,B,B,B,B,B,NA,NA,NA,B,NA,H,B,B,NA,B,B,B,D,B,B,B,NA,NA,NA,NA,NA,NA,NA,NA,NA,NA,NA,NA,NA,NA,NA,NA,NA,NA,NA,NA,NA,NA,NA,NA,NA,NA
45,NA,NA,NA,NA,NA,NA,NA,NA,NA,NA,NA,B,B,B,NA,C,C,C,H,C,B,A,H,A,NA,NA,NA,NA,NA,A,A,A,A,A,A,A,H,B,C,A,A,A,NA,A,A,A,A,A,A,A,A,NA,A,NA,NA,NA,NA,NA,NA,NA,NA,NA,H,H,H,A,A,H,C,D,B,H,H,H,H,H,D,H,A,A,A,NA,D,H,NA,NA,H,NA,NA,H,H,NA,H,H,NA,H,C,H,NA,H,B,A,NA,B,C,C,NA,B,C,NA,NA,NA,NA,NA,B,B,B,B,B,B,B,B,C,B,B,B,B,A,NA,NA,NA,A,A,A,A,A,B,H,H,H,A,A,H,A,A,H,A,A,A,A,A,A,A,NA,NA,NA,H,H,H,H,H,NA,NA,H,H,B,B,B,B,NA,H,H,H,H,H,H,A,NA,NA,NA,NA,NA,NA,NA,NA,NA,NA,NA,NA,NA,NA,NA,NA,NA,NA,NA,NA,NA,NA,NA,NA,NA,NA
33,NA,NA,NA,NA,NA,NA,NA,NA,NA,NA,NA,B,A,H,NA,C,C,C,H,C,A,H,H,H,NA,NA,NA,NA,NA,H,H,H,H,H,H,H,H,B,C,H,H,H,D,H,C,C,H,C,H,H,H,NA,H,NA,NA,NA,NA,NA,NA,NA,NA,NA,A,A,A,C,H,H,A,A,A,H,H,H,H,H,H,H,H,H,C,NA,NA,B,NA,NA,NA,NA,NA,B,B,B,B,B,NA,NA,C,B,NA,B,H,B,NA,H,C,C,NA,H,C,NA,NA,NA,NA,NA,H,H,H,H,H,H,D,H,H,H,H,H,H,H,NA,NA,NA,H,H,H,H,H,B,H,H,H,C,H,H,H,H,B,H,H,H,H,H,C,C,NA,NA,NA,A,A,A,A,A,NA,NA,A,A,B,B,B,H,A,A,A,A,A,A,A,A,NA,NA,NA,NA,NA,NA,NA,NA,NA,NA,NA,NA,NA,NA,NA,NA,NA,NA,NA,NA,NA,NA,NA,NA,NA,NA
63,NA,NA,NA,NA,NA,NA,NA,NA,NA,NA,NA,H,H,H,NA,C,C,C,H,C,H,H,H,H,NA,NA,NA,NA,NA,H,H,H,NA,H,A,H,H,H,C,H,H,H,H,H,C,A,A,A,A,H,H,NA,A,NA,NA,NA,NA,NA,NA,NA,NA,NA,A,A,A,A,A,A,A,A,H,A,A,A,A,A,A,A,A,H,A,NA,NA,H,NA,NA,H,NA,NA,H,H,H,H,H,NA,H,C,H,NA,H,H,H,NA,H,C,C,NA,H,C,NA,NA,NA,NA,NA,H,H,H,H,H,H,D,H,H,H,H,H,H,H,NA,NA,NA,H,H,H,H,H,A,H,H,H,C,H,H,H,H,H,H,C,H,H,H,C,C,NA,NA,NA,B,B,H,H,H,NA,NA,B,B,B,C,C,B,B,B,B,B,B,B,B,B,NA,NA,NA,NA,NA,NA,NA,NA,NA,NA,NA,NA,NA,NA,NA,NA,NA,NA,NA,NA,NA,NA,NA,NA,NA,NA
68,NA,NA,NA,NA,NA,NA,NA,NA,NA,NA,NA,B,NA,NA,NA,C,NA,NA,NA,C,H,NA,B,NA,NA,NA,NA,NA,NA,NA,NA,NA,NA,NA,A,H,A,B,C,H,H,H,H,H,C,A,A,NA,A,H,H,NA,B,NA,NA,NA,NA,NA,NA,NA,NA,NA,B,B,NA,C,H,H,C,C,B,H,H,H,H,H,H,H,B,B,C,NA,D,A,NA,NA,H,NA,NA,NA,B,NA,C,B,NA,B,NA,B,NA,B,B,H,NA,B,C,C,NA,B,C,NA,NA,NA,NA,NA,NA,B,NA,NA,NA,NA,D,H,H,H,H,H,H,NA,NA,NA,NA,NA,NA,A,NA,A,NA,B,B,B,C,B,B,H,H,B,B,B,B,B,B,C,C,NA,NA,NA,NA,B,NA,NA,A,NA,NA,B,B,B,H,B,B,C,B,B,B,B,B,H,H,NA,NA,NA,NA,NA,NA,NA,NA,NA,NA,NA,NA,NA,NA,NA,NA,NA,NA,NA,NA,NA,NA,NA,NA,NA,NA
66,NA,NA,NA,NA,NA,NA,NA,NA,NA,NA,NA,A,A,A,NA,A,NA,NA,NA,A,A,A,A,A,NA,NA,NA,NA,NA,A,A,A,A,H,H,A,A,A,A,A,A,A,A,H,C,C,H,NA,H,A,A,NA,H,NA,NA,NA,NA,NA,NA,NA,NA,NA,H,H,H,C,H,H,C,H,NA,H,H,H,H,H,H,NA,H,H,C,NA,D,H,NA,NA,H,NA,NA,NA,A,H,A,A,NA,A,A,A,NA,NA,A,A,NA,A,A,A,NA,H,C,NA,NA,NA,NA,NA,B,B,B,H,B,H,B,H,B,NA,H,H,B,H,NA,NA,NA,H,H,H,H,H,A,H,H,H,C,H,H,H,H,H,H,C,H,H,H,C,C,NA,NA,NA,B,B,B,B,B,NA,NA,B,B,D,H,H,H,C,B,B,B,B,B,H,NA,NA,NA,NA,NA,NA,NA,NA,NA,NA,NA,NA,NA,NA,NA,NA,NA,NA,NA,NA,NA,NA,NA,NA,NA,NA,NA
48,NA,NA,NA,NA,NA,NA,NA,NA,NA,NA,NA,B,B,B,NA,NA,NA,NA,NA,NA,NA,B,B,H,NA,NA,NA,NA,NA,NA,NA,NA,H,H,NA,NA,NA,NA,NA,NA,NA,NA,NA,NA,NA,NA,NA,NA,NA,B,H,NA,NA,NA,NA,NA,NA,NA,NA,NA,NA,NA,H,NA,NA,NA,NA,B,NA,NA,NA,NA,NA,NA,NA,NA,NA,NA,NA,NA,NA,NA,NA,NA,NA,NA,B,NA,NA,B,NA,NA,NA,NA,NA,H,NA,NA,NA,NA,NA,NA,NA,NA,NA,NA,NA,NA,NA,NA,NA,NA,NA,NA,NA,H,B,NA,NA,NA,NA,NA,NA,NA,NA,NA,NA,H,NA,NA,NA,NA,NA,NA,H,NA,NA,NA,NA,NA,NA,NA,NA,NA,NA,NA,NA,NA,NA,NA,NA,NA,NA,NA,NA,NA,H,B,B,B,H,NA,NA,NA,H,NA,NA,NA,NA,NA,NA,NA,NA,NA,NA,NA,NA,NA,NA,NA,NA,NA,NA,NA,NA,NA,NA,NA,NA,NA,NA,NA,NA,NA,NA,NA,NA,NA,NA,NA,NA,NA,NA
39,NA,NA,NA,NA,NA,NA,NA,NA,NA,NA,NA,B,B,B,C,C,C,C,NA,C,B,B,B,H,NA,NA,NA,NA,NA,H,H,H,H,H,H,H,B,B,C,B,B,H,D,H,C,C,H,C,B,B,B,NA,B,NA,NA,NA,NA,NA,NA,NA,NA,NA,B,B,B,C,H,NA,C,B,B,B,B,B,B,B,B,NA,B,B,C,NA,D,A,NA,NA,A,NA,NA,A,A,NA,A,A,NA,A,A,H,NA,A,A,A,NA,A,A,A,NA,A,A,NA,NA,NA,NA,NA,NA,B,B,B,H,A,B,H,H,H,B,B,B,A,NA,NA,NA,A,A,H,A,A,H,H,H,H,A,A,H,A,NA,H,A,A,A,NA,NA,A,A,NA,NA,NA,H,H,H,H,H,NA,NA,H,H,D,H,H,H,H,H,H,H,H,H,A,A,NA,NA,NA,NA,NA,NA,NA,NA,NA,NA,NA,NA,NA,NA,NA,NA,NA,NA,NA,NA,NA,NA,NA,NA,NA,NA
39,NA,NA,NA,NA,NA,NA,NA,NA,NA,NA,NA,A,A,A,A,A,A,A,H,A,A,H,H,H,NA,NA,NA,NA,NA,H,H,H,H,A,NA,H,H,H,C,H,H,H,H,A,A,C,H,C,H,H,H,NA,H,NA,NA,NA,NA,NA,NA,NA,NA,NA,B,H,H,C,H,H,C,H,H,H,H,H,H,H,H,H,H,C,C,NA,NA,H,NA,NA,NA,NA,NA,H,B,B,H,H,NA,H,C,H,NA,H,H,H,NA,C,C,C,NA,B,C,NA,NA,NA,NA,NA,B,B,B,H,NA,H,B,B,B,B,H,H,H,H,NA,NA,NA,H,A,A,H,A,A,A,A,A,A,A,A,H,NA,H,A,A,H,D,A,C,C,NA,NA,NA,H,H,H,H,H,NA,NA,H,H,D,H,H,H,H,H,H,H,H,H,H,H,NA,NA,NA,NA,NA,NA,NA,NA,NA,NA,NA,NA,NA,NA,NA,NA,NA,NA,NA,NA,NA,NA,NA,NA,NA,NA
59,NA,NA,NA,NA,NA,NA,NA,NA,NA,NA,NA,H,H,H,C,C,C,C,H,C,H,H,H,H,NA,NA,NA,NA,NA,H,H,H,H,H,H,H,H,H,C,H,H,H,H,H,C,C,H,C,H,H,H,NA,B,NA,NA,NA,NA,NA,NA,NA,NA,NA,H,H,H,C,H,H,C,H,H,H,H,H,H,H,C,H,B,C,C,NA,NA,H,NA,NA,H,NA,NA,H,H,H,H,H,NA,NA,C,H,NA,H,H,H,NA,C,C,C,NA,H,C,NA,NA,NA,NA,NA,H,H,H,H,H,H,D,H,NA,H,H,H,H,H,NA,NA,NA,A,H,H,H,H,A,H,H,H,C,H,H,A,NA,H,H,H,H,A,H,C,C,NA,NA,NA,B,B,B,B,B,NA,NA,B,B,B,B,B,B,B,B,B,B,B,B,H,H,NA,NA,NA,NA,NA,NA,NA,NA,NA,NA,NA,NA,NA,NA,NA,NA,NA,NA,NA,NA,NA,NA,NA,NA,NA,NA
37,NA,NA,NA,NA,NA,NA,NA,NA,NA,NA,NA,B,H,B,C,C,C,C,NA,C,H,H,H,H,NA,NA,NA,NA,NA,H,H,H,H,H,H,H,A,A,C,H,H,H,H,H,C,C,H,C,H,H,H,NA,H,NA,NA,NA,NA,NA,NA,NA,NA,NA,H,H,H,C,H,H,C,H,H,H,H,H,H,H,H,H,H,A,C,NA,NA,B,NA,NA,H,NA,NA,H,H,H,H,H,NA,H,C,H,NA,H,D,H,NA,B,C,C,NA,H,C,NA,NA,NA,NA,NA,H,H,H,B,B,B,D,B,B,B,B,B,B,H,NA,NA,NA,H,H,H,H,H,A,H,H,H,C,H,H,H,NA,H,H,C,H,A,H,C,C,NA,NA,NA,H,H,H,H,H,NA,NA,H,H,D,H,H,H,H,H,H,H,H,H,H,H,NA,NA,NA,NA,NA,NA,NA,NA,NA,NA,NA,NA,NA,NA,NA,NA,NA,NA,NA,NA,NA,NA,NA,NA,NA,NA
41,NA,NA,NA,NA,NA,NA,NA,NA,NA,NA,NA,H,A,H,A,C,C,C,A,C,A,A,B,NA,NA,NA,NA,NA,NA,B,B,B,B,B,B,B,B,B,C,B,B,B,B,B,C,C,B,C,B,B,B,NA,H,NA,NA,NA,NA,NA,NA,NA,NA,NA,H,H,H,C,H,H,C,H,H,H,H,H,H,H,H,H,H,A,C,NA,NA,A,NA,NA,A,NA,NA,NA,A,A,A,A,NA,A,A,NA,NA,D,A,A,NA,A,A,A,NA,A,A,NA,NA,NA,NA,NA,B,B,B,B,B,B,B,B,B,B,B,B,B,NA,NA,NA,NA,A,H,B,B,H,B,B,B,B,C,H,B,A,NA,B,H,H,B,A,H,C,C,NA,NA,NA,H,H,H,H,H,NA,NA,H,H,D,H,H,H,H,H,H,H,H,H,H,H,NA,NA,NA,NA,NA,NA,NA,NA,NA,NA,NA,NA,NA,NA,NA,NA,NA,NA,NA,NA,NA,NA,NA,NA,NA,NA
45,NA,NA,NA,NA,NA,NA,NA,NA,NA,NA,NA,H,B,B,C,C,C,C,B,C,B,B,B,H,NA,NA,NA,NA,NA,H,H,H,H,H,H,H,B,B,C,B,B,H,NA,H,C,C,H,C,H,B,B,NA,H,NA,NA,NA,NA,NA,NA,NA,NA,NA,H,H,H,C,H,H,C,C,NA,H,H,C,H,NA,A,H,C,C,C,NA,NA,B,NA,NA,NA,NA,NA,B,B,NA,B,B,NA,B,C,NA,NA,B,B,B,NA,H,C,C,NA,H,C,NA,NA,NA,NA,NA,H,H,H,B,H,B,D,H,C,B,B,B,H,A,NA,NA,NA,H,A,A,A,A,A,A,A,A,A,A,A,H,NA,A,H,A,A,NA,A,C,C,NA,NA,NA,H,H,H,H,H,NA,NA,H,A,D,D,A,A,H,H,B,B,B,B,B,B,NA,NA,NA,NA,NA,NA,NA,NA,NA,NA,NA,NA,NA,NA,NA,NA,NA,NA,NA,NA,NA,NA,NA,NA,NA,NA
66,NA,NA,NA,NA,NA,NA,NA,NA,NA,NA,NA,H,H,H,NA,C,C,C,A,C,H,H,H,H,NA,NA,NA,NA,NA,H,H,H,H,H,H,H,H,H,C,H,H,H,D,H,C,C,H,C,H,H,H,NA,B,NA,NA,NA,NA,NA,NA,NA,NA,NA,B,B,B,C,H,B,C,B,B,B,NA,B,B,B,B,B,B,C,C,NA,D,H,NA,NA,B,NA,NA,NA,B,B,B,B,NA,B,C,NA,NA,H,H,B,NA,B,C,C,NA,H,C,NA,NA,NA,NA,NA,B,B,B,B,B,B,B,B,B,B,B,B,H,B,NA,NA,NA,H,B,B,B,B,H,B,B,B,C,B,NA,H,H,B,B,B,B,B,B,C,C,NA,NA,NA,B,B,B,B,B,NA,NA,B,B,B,B,B,B,B,B,B,B,B,B,B,B,NA,NA,NA,NA,NA,NA,NA,NA,NA,NA,NA,NA,NA,NA,NA,NA,NA,NA,NA,NA,NA,NA,NA,NA,NA,NA
39,NA,NA,NA,NA,NA,NA,NA,NA,NA,NA,NA,H,A,H,NA,C,NA,NA,A,A,A,H,H,H,NA,NA,NA,NA,NA,H,H,H,H,B,B,H,H,H,C,H,NA,H,D,B,C,C,B,NA,B,H,H,NA,H,NA,NA,NA,NA,NA,NA,NA,NA,NA,H,H,H,C,H,H,C,H,H,H,H,H,H,H,H,H,H,D,C,NA,NA,B,NA,NA,B,NA,NA,B,B,B,B,B,NA,B,C,NA,NA,B,B,B,NA,B,C,C,NA,B,C,NA,NA,NA,NA,NA,B,B,B,B,B,B,B,B,B,B,B,B,B,H,NA,NA,NA,H,H,H,H,A,H,H,H,H,A,H,H,H,H,H,C,H,H,D,H,A,A,NA,NA,NA,H,H,H,H,H,NA,NA,H,H,D,H,H,H,H,H,H,H,H,H,H,H,NA,NA,NA,NA,NA,NA,NA,NA,NA,NA,NA,NA,NA,NA,NA,NA,NA,NA,NA,NA,NA,NA,NA,NA,NA,NA
37,NA,NA,NA,NA,NA,NA,NA,NA,NA,NA,NA,H,B,B,NA,C,C,C,H,C,B,H,H,H,NA,NA,NA,NA,NA,H,H,H,H,H,H,H,B,B,C,H,H,H,D,H,C,C,H,C,H,NA,H,NA,NA,NA,NA,NA,NA,NA,NA,NA,NA,NA,A,A,A,A,H,A,A,A,A,A,A,A,A,A,NA,A,H,C,C,NA,NA,A,NA,NA,NA,NA,NA,A,A,A,D,H,NA,H,C,NA,NA,C,H,A,NA,A,C,NA,NA,H,C,NA,NA,NA,NA,NA,H,H,H,H,H,H,D,H,D,H,H,H,H,A,NA,NA,NA,A,A,A,A,A,A,A,A,A,A,A,A,A,A,A,A,A,A,D,A,A,A,NA,NA,NA,A,A,A,A,H,NA,NA,A,H,D,H,H,H,H,A,B,B,B,B,B,B,NA,NA,NA,NA,NA,NA,NA,NA,NA,NA,NA,NA,NA,NA,NA,NA,NA,NA,NA,NA,NA,NA,NA,NA,NA,NA
63,NA,NA,NA,NA,NA,NA,NA,NA,NA,NA,NA,H,H,H,C,C,C,C,NA,C,H,H,H,H,NA,NA,NA,NA,NA,H,H,H,H,H,H,H,H,H,C,H,H,H,D,H,C,C,H,C,H,NA,H,NA,H,NA,NA,NA,NA,NA,NA,NA,NA,NA,H,H,H,C,H,NA,C,A,H,H,H,H,H,H,H,H,H,B,C,NA,NA,A,NA,NA,B,NA,NA,B,B,NA,C,B,NA,B,C,NA,NA,C,B,B,NA,C,C,C,NA,H,C,NA,NA,NA,NA,NA,H,H,H,H,H,H,D,H,D,H,H,H,H,B,NA,NA,NA,H,B,B,B,H,B,B,B,B,C,B,B,H,H,B,B,B,B,H,H,C,C,NA,NA,NA,B,B,B,B,B,NA,NA,NA,NA,D,H,H,H,B,B,B,B,B,B,B,B,NA,NA,NA,NA,NA,NA,NA,NA,NA,NA,NA,NA,NA,NA,NA,NA,NA,NA,NA,NA,NA,NA,NA,NA,NA,NA
39,NA,NA,NA,NA,NA,NA,NA,NA,NA,NA,NA,H,H,H,C,C,C,C,H,C,H,H,H,H,NA,NA,NA,NA,NA,H,H,H,H,H,A,H,H,H,C,H,H,H,D,H,C,A,A,A,H,H,H,NA,B,NA,NA,NA,NA,NA,NA,NA,NA,NA,H,H,H,C,H,B,C,H,H,B,B,B,B,B,B,NA,B,H,C,NA,B,B,NA,NA,NA,NA,NA,B,B,C,C,B,NA,B,C,NA,NA,B,B,B,NA,C,C,C,NA,B,C,NA,NA,NA,NA,NA,B,A,A,H,H,H,D,H,H,H,H,H,H,A,NA,NA,NA,H,A,NA,A,A,A,A,A,A,A,A,A,H,H,D,A,A,A,A,A,C,C,NA,NA,NA,H,H,H,H,H,NA,NA,H,H,D,H,H,H,H,H,H,H,H,H,H,H,NA,NA,NA,NA,NA,NA,NA,NA,NA,NA,NA,NA,NA,NA,NA,NA,NA,NA,NA,NA,NA,NA,NA,NA,NA,NA
48,NA,NA,NA,NA,NA,NA,NA,NA,NA,NA,NA,A,H,NA,NA,NA,NA,NA,NA,NA,NA,A,A,H,NA,NA,NA,NA,NA,A,NA,NA,NA,A,H,NA,NA,NA,NA,NA,NA,NA,NA,NA,NA,NA,NA,NA,NA,H,A,NA,H,NA,NA,NA,NA,NA,NA,NA,NA,NA,B,NA,NA,NA,NA,H,NA,NA,NA,NA,NA,NA,NA,NA,NA,NA,NA,NA,NA,NA,NA,NA,NA,NA,H,NA,NA,H,NA,NA,NA,NA,NA,H,A,NA,NA,NA,NA,NA,NA,NA,NA,NA,NA,NA,NA,NA,NA,NA,NA,NA,NA,B,H,NA,NA,B,NA,NA,NA,NA,NA,NA,NA,NA,NA,NA,NA,H,NA,NA,NA,NA,NA,NA,NA,NA,NA,NA,NA,NA,NA,NA,NA,NA,NA,NA,NA,NA,NA,NA,NA,NA,NA,H,B,B,B,NA,NA,H,H,NA,NA,NA,NA,NA,NA,NA,NA,NA,NA,NA,NA,NA,NA,NA,NA,NA,NA,NA,NA,NA,NA,NA,NA,NA,NA,NA,NA,NA,NA,NA,NA,NA,NA,NA,NA,NA,NA
73,NA,NA,NA,NA,NA,NA,NA,NA,NA,NA,NA,H,B,B,C,C,C,C,B,C,B,A,A,A,NA,NA,NA,NA,NA,A,A,A,A,A,A,A,A,A,A,A,A,A,A,A,A,A,A,A,A,A,A,NA,H,NA,NA,NA,NA,NA,NA,NA,NA,NA,B,B,B,C,H,B,C,NA,B,B,B,B,B,B,B,NA,H,H,C,NA,D,H,NA,NA,H,NA,NA,NA,H,NA,NA,H,NA,H,C,NA,NA,H,H,NA,NA,NA,C,C,NA,B,C,NA,NA,NA,NA,NA,H,H,H,H,H,H,D,H,C,H,H,H,H,A,NA,NA,NA,A,A,A,A,A,B,H,H,H,A,A,A,A,A,H,A,A,A,A,NA,A,A,NA,NA,NA,B,B,B,B,B,NA,NA,B,H,D,H,NA,H,B,B,B,B,B,B,B,B,NA,NA,NA,NA,NA,NA,NA,NA,NA,NA,NA,NA,NA,NA,NA,NA,NA,NA,NA,NA,NA,NA,NA,NA,NA,NA
56,NA,NA,NA,NA,NA,NA,NA,NA,NA,NA,NA,B,B,B,C,C,C,C,H,C,B,B,B,B,NA,NA,NA,NA,NA,H,H,B,NA,H,H,B,B,B,C,B,B,B,C,H,C,C,H,C,H,B,B,NA,NA,NA,NA,NA,NA,NA,NA,NA,NA,NA,A,H,H,C,H,H,C,D,H,H,H,H,H,H,A,H,H,H,C,NA,D,A,NA,NA,A,NA,NA,A,A,D,A,A,NA,H,C,NA,NA,H,A,H,NA,H,C,C,NA,H,C,NA,NA,NA,NA,NA,H,H,H,H,H,H,D,H,H,H,H,H,H,NA,NA,NA,NA,H,A,A,A,A,A,A,A,A,A,A,A,H,H,A,A,A,A,A,D,A,A,NA,NA,NA,B,B,B,B,B,NA,NA,B,H,D,H,H,H,B,B,H,H,H,H,B,B,NA,NA,NA,NA,NA,NA,NA,NA,NA,NA,NA,NA,NA,NA,NA,NA,NA,NA,NA,NA,NA,NA,NA,NA,NA,NA
54,NA,NA,NA,NA,NA,NA,NA,NA,NA,NA,NA,A,A,A,A,A,A,A,H,A,A,H,H,A,NA,NA,NA,NA,NA,A,A,A,A,A,A,A,H,NA,C,H,NA,A,A,A,A,A,A,A,A,H,H,NA,A,NA,NA,NA,NA,NA,NA,NA,NA,NA,H,A,A,A,A,A,A,D,A,A,A,A,A,A,A,A,D,H,A,NA,NA,A,NA,NA,A,NA,NA,NA,A,NA,A,A,NA,D,A,NA,NA,A,A,NA,NA,H,A,A,NA,A,A,NA,NA,NA,NA,NA,B,H,H,H,H,H,D,H,NA,H,H,H,D,A,NA,NA,NA,A,A,A,A,A,A,A,A,A,A,A,A,A,A,A,A,A,A,A,H,A,A,NA,NA,NA,H,H,H,H,H,NA,NA,H,H,D,H,H,H,NA,H,B,H,H,H,H,H,NA,NA,NA,NA,NA,NA,NA,NA,NA,NA,NA,NA,NA,NA,NA,NA,NA,NA,NA,NA,NA,NA,NA,NA,NA,NA
41,NA,NA,NA,NA,NA,NA,NA,NA,NA,NA,NA,A,A,A,A,A,A,A,H,A,A,B,B,B,NA,NA,NA,NA,NA,B,B,B,B,B,B,B,B,B,C,B,B,B,H,B,C,C,B,C,H,B,B,NA,H,NA,NA,NA,NA,NA,NA,NA,NA,NA,B,B,B,C,H,A,C,C,H,A,A,A,A,H,A,H,H,H,C,NA,NA,H,NA,NA,H,NA,NA,NA,H,NA,H,H,NA,D,C,NA,NA,H,H,D,NA,H,C,C,NA,H,C,NA,NA,NA,NA,NA,A,A,A,A,A,A,D,A,A,A,A,A,A,H,NA,NA,NA,H,H,H,H,H,H,H,H,H,C,H,H,H,A,B,C,H,H,H,H,A,A,NA,NA,NA,H,H,H,H,H,NA,NA,H,H,D,D,H,H,H,H,H,H,H,H,H,H,NA,NA,NA,NA,NA,NA,NA,NA,NA,NA,NA,NA,NA,NA,NA,NA,NA,NA,NA,NA,NA,NA,NA,NA,NA,NA
73,NA,NA,NA,NA,NA,NA,NA,NA,NA,NA,NA,H,H,B,C,C,C,C,B,C,H,A,A,A,NA,NA,NA,NA,NA,A,A,A,A,A,A,A,A,A,A,A,A,A,A,A,A,A,A,A,H,A,A,NA,H,NA,NA,NA,NA,NA,NA,NA,NA,NA,B,B,H,C,H,H,C,H,H,H,H,H,H,H,H,H,H,A,C,NA,NA,H,NA,NA,H,NA,NA,B,A,D,A,A,NA,A,A,NA,NA,A,A,D,NA,A,A,A,NA,H,C,NA,NA,NA,NA,NA,H,H,H,H,H,H,D,H,H,H,H,H,H,H,NA,NA,NA,B,H,H,H,H,B,H,H,H,C,H,H,B,H,B,H,H,H,H,H,C,C,NA,NA,NA,NA,B,B,B,B,NA,NA,NA,NA,B,B,B,B,B,B,B,B,B,B,H,H,NA,NA,NA,NA,NA,NA,NA,NA,NA,NA,NA,NA,NA,NA,NA,NA,NA,NA,NA,NA,NA,NA,NA,NA,NA,NA
45,NA,NA,NA,NA,NA,NA,NA,NA,NA,NA,NA,H,A,H,C,C,C,C,H,A,A,H,H,H,NA,NA,NA,NA,NA,H,H,H,H,H,H,B,NA,H,C,H,NA,H,D,H,C,C,H,C,H,H,H,NA,H,NA,NA,NA,NA,NA,NA,NA,NA,NA,H,H,H,C,H,NA,C,D,H,H,H,H,H,A,H,H,H,B,C,NA,B,B,NA,NA,H,NA,NA,H,H,NA,H,H,NA,NA,C,NA,NA,H,H,D,NA,H,C,C,NA,H,C,NA,NA,NA,NA,NA,H,H,H,H,H,H,D,H,H,H,H,H,H,H,NA,NA,NA,H,H,H,H,H,H,A,H,H,C,H,H,H,H,H,H,H,H,H,D,C,C,NA,NA,NA,H,H,H,H,H,NA,NA,NA,H,D,H,H,H,H,H,H,H,H,H,H,A,NA,NA,NA,NA,NA,NA,NA,NA,NA,NA,NA,NA,NA,NA,NA,NA,NA,NA,NA,NA,NA,NA,NA,NA,NA,NA
70,NA,NA,NA,NA,NA,NA,NA,NA,NA,NA,NA,B,B,B,NA,C,C,C,H,C,B,A,A,A,NA,NA,NA,NA,NA,A,A,A,A,A,A,A,H,A,A,A,A,A,D,A,A,NA,A,A,D,A,A,NA,H,NA,NA,NA,NA,NA,NA,NA,NA,NA,H,H,H,C,H,H,C,H,H,H,H,H,H,H,D,H,H,H,C,NA,D,H,NA,NA,NA,NA,NA,NA,H,NA,H,H,NA,A,A,NA,NA,A,A,A,NA,A,A,A,NA,A,A,NA,NA,NA,NA,NA,H,B,B,H,H,H,NA,H,D,H,H,H,H,A,NA,NA,NA,B,A,A,A,A,H,A,A,A,A,A,A,B,H,A,A,A,A,A,D,C,C,NA,NA,NA,H,H,B,B,B,NA,NA,H,B,D,H,B,B,B,H,H,H,H,H,H,H,NA,NA,NA,NA,NA,NA,NA,NA,NA,NA,NA,NA,NA,NA,NA,NA,NA,NA,NA,NA,NA,NA,NA,NA,NA,NA
48,NA,NA,NA,NA,NA,NA,NA,NA,NA,NA,NA,B,A,A,NA,NA,NA,NA,NA,NA,NA,A,H,NA,NA,NA,NA,NA,NA,A,A,NA,NA,NA,A,NA,NA,NA,NA,NA,NA,NA,NA,NA,NA,NA,NA,NA,NA,A,A,NA,H,NA,NA,NA,NA,NA,NA,NA,NA,NA,NA,NA,H,NA,NA,H,NA,NA,NA,NA,NA,NA,NA,NA,NA,NA,NA,NA,NA,NA,NA,NA,NA,NA,NA,NA,NA,NA,NA,NA,NA,NA,NA,C,C,NA,NA,NA,NA,NA,NA,NA,NA,NA,NA,NA,NA,NA,NA,NA,NA,NA,NA,B,NA,NA,NA,NA,NA,NA,NA,NA,NA,NA,NA,NA,NA,NA,NA,NA,NA,NA,B,NA,A,NA,NA,NA,NA,NA,NA,NA,NA,NA,NA,NA,NA,NA,NA,NA,NA,NA,NA,NA,NA,H,B,B,H,NA,NA,B,B,NA,NA,NA,NA,NA,NA,NA,NA,NA,NA,NA,NA,NA,NA,NA,NA,NA,NA,NA,NA,NA,NA,NA,NA,NA,NA,NA,NA,NA,NA,NA,NA,NA,NA,NA,NA,NA,NA
70,NA,NA,NA,NA,NA,NA,NA,NA,NA,NA,NA,H,B,B,NA,C,C,C,B,C,B,H,H,H,NA,NA,NA,NA,NA,H,H,H,H,A,A,H,A,A,C,H,H,H,D,A,A,A,A,A,A,H,H,NA,B,NA,NA,NA,NA,NA,NA,NA,NA,NA,H,H,H,C,B,B,C,D,B,B,B,NA,B,B,B,NA,B,B,C,NA,D,A,NA,NA,A,NA,NA,A,A,D,A,A,NA,NA,A,NA,NA,A,H,H,NA,H,C,C,NA,H,C,NA,NA,NA,NA,NA,B,B,B,B,B,B,B,B,B,B,B,B,B,H,NA,NA,NA,A,A,A,H,A,H,H,H,H,A,A,H,A,A,H,A,A,H,A,A,A,A,NA,NA,NA,B,B,B,B,B,NA,NA,B,H,D,H,H,H,B,B,B,B,B,B,B,B,NA,NA,NA,NA,NA,NA,NA,NA,NA,NA,NA,NA,NA,NA,NA,NA,NA,NA,NA,NA,NA,NA,NA,NA,NA,NA
73,NA,NA,NA,NA,NA,NA,NA,NA,NA,NA,NA,H,H,H,NA,C,C,C,B,C,H,A,A,H,NA,NA,NA,NA,NA,H,H,H,A,A,A,H,A,A,A,A,A,H,H,A,A,A,A,A,A,A,A,NA,B,NA,NA,NA,NA,NA,NA,NA,NA,NA,B,B,B,C,B,B,C,H,B,B,B,B,B,B,B,NA,B,H,C,NA,B,H,NA,NA,A,NA,NA,NA,A,D,A,A,NA,A,A,NA,NA,A,A,A,NA,D,A,A,NA,A,A,NA,NA,NA,NA,NA,B,B,B,B,B,H,B,B,H,H,B,B,H,B,NA,NA,NA,B,B,B,B,B,H,B,B,B,C,B,B,B,H,B,B,B,B,B,H,C,C,NA,NA,NA,B,B,B,B,B,NA,NA,B,B,B,B,B,B,B,B,B,B,B,B,B,B,NA,NA,NA,NA,NA,NA,NA,NA,NA,NA,NA,NA,NA,NA,NA,NA,NA,NA,NA,NA,NA,NA,NA,NA,NA,NA
37,NA,NA,NA,NA,NA,NA,NA,NA,NA,NA,NA,H,H,H,C,C,C,C,H,C,H,H,H,H,NA,NA,NA,NA,NA,H,H,H,H,A,H,H,A,H,C,H,H,H,H,A,A,C,H,C,H,H,H,NA,NA,NA,NA,NA,NA,NA,NA,NA,NA,NA,B,B,B,C,B,B,C,H,B,B,B,B,B,B,B,H,B,B,C,NA,D,A,NA,NA,H,NA,NA,NA,H,NA,H,H,NA,NA,C,NA,NA,H,H,H,NA,D,C,C,NA,B,C,NA,NA,NA,NA,NA,H,H,H,H,H,H,D,H,H,H,H,H,H,A,NA,NA,NA,H,A,A,A,A,A,A,A,A,A,NA,A,H,H,H,A,A,A,A,A,C,A,NA,NA,NA,H,H,H,H,H,NA,NA,H,H,B,B,B,H,H,H,H,H,H,H,H,A,NA,NA,NA,NA,NA,NA,NA,NA,NA,NA,NA,NA,NA,NA,NA,NA,NA,NA,NA,NA,NA,NA,NA,NA,NA,NA
35,NA,NA,NA,NA,NA,NA,NA,NA,NA,NA,NA,H,H,H,C,C,C,C,NA,C,H,A,A,A,NA,NA,NA,NA,NA,H,A,A,H,H,H,A,H,H,A,A,A,A,A,H,C,C,H,C,H,A,A,NA,H,NA,NA,NA,NA,NA,NA,NA,NA,NA,H,H,H,C,H,H,C,H,H,H,H,H,H,H,H,NA,H,A,C,NA,B,B,NA,NA,B,NA,NA,B,B,C,C,B,NA,B,C,NA,NA,B,A,D,NA,C,C,C,NA,A,A,NA,NA,NA,NA,NA,H,H,H,H,H,H,D,H,H,H,H,H,H,H,NA,NA,NA,A,H,H,H,H,A,H,H,H,C,H,H,A,A,H,H,H,H,H,B,C,C,NA,NA,NA,H,H,A,A,A,NA,NA,H,A,D,D,A,A,A,H,H,H,H,H,H,A,NA,NA,NA,NA,NA,NA,NA,NA,NA,NA,NA,NA,NA,NA,NA,NA,NA,NA,NA,NA,NA,NA,NA,NA,NA,NA
47,NA,NA,NA,NA,NA,NA,NA,NA,NA,NA,NA,H,B,H,C,C,C,C,A,C,B,B,B,B,NA,NA,NA,NA,NA,B,B,B,B,B,B,B,B,B,C,B,B,B,B,B,C,C,B,C,B,B,B,NA,NA,NA,NA,NA,NA,NA,NA,NA,NA,NA,A,A,H,C,H,B,C,H,H,H,H,C,H,H,H,NA,H,B,C,NA,D,D,NA,NA,B,NA,NA,NA,B,NA,B,B,NA,B,C,NA,NA,H,B,B,NA,C,C,C,NA,H,C,NA,NA,NA,NA,NA,H,H,H,H,H,H,D,H,H,H,H,H,H,H,NA,NA,NA,A,H,H,H,H,H,H,H,H,C,H,H,A,A,H,H,H,H,H,H,A,C,NA,NA,NA,H,H,H,H,H,NA,NA,H,H,D,H,H,H,H,H,H,B,B,B,B,B,NA,NA,NA,NA,NA,NA,NA,NA,NA,NA,NA,NA,NA,NA,NA,NA,NA,NA,NA,NA,NA,NA,NA,NA,NA,NA
63,NA,NA,NA,NA,NA,NA,NA,NA,NA,NA,NA,H,H,H,NA,C,C,C,H,C,H,A,A,A,NA,NA,NA,NA,NA,A,A,A,A,A,A,A,A,A,A,A,A,A,A,A,A,A,A,A,A,A,A,NA,H,NA,NA,NA,NA,NA,NA,NA,NA,NA,A,H,H,C,H,NA,C,C,H,H,H,C,H,H,H,H,H,H,C,NA,D,C,NA,NA,B,NA,NA,H,H,NA,D,H,NA,H,C,NA,NA,NA,H,D,NA,NA,C,C,NA,A,A,NA,NA,NA,NA,NA,H,H,H,H,H,H,D,H,H,H,H,H,H,A,NA,NA,NA,A,A,A,A,A,A,A,A,A,A,A,A,A,A,H,A,A,A,A,A,A,A,NA,NA,NA,B,B,B,B,B,NA,NA,B,NA,D,H,C,B,B,B,H,B,B,B,B,B,NA,NA,NA,NA,NA,NA,NA,NA,NA,NA,NA,NA,NA,NA,NA,NA,NA,NA,NA,NA,NA,NA,NA,NA,NA,NA
48,NA,NA,NA,NA,NA,NA,NA,NA,NA,NA,NA,B,B,NA,NA,NA,NA,NA,NA,NA,NA,NA,B,B,NA,NA,NA,NA,NA,NA,NA,A,NA,NA,A,NA,NA,NA,NA,NA,NA,NA,NA,NA,NA,NA,NA,NA,NA,NA,A,NA,H,NA,NA,NA,NA,NA,NA,NA,NA,NA,H,NA,NA,NA,NA,NA,NA,NA,NA,NA,NA,NA,NA,NA,NA,NA,NA,NA,NA,NA,NA,NA,NA,NA,NA,NA,NA,H,NA,NA,NA,NA,NA,NA,A,NA,NA,NA,NA,NA,NA,NA,NA,NA,NA,NA,NA,NA,NA,NA,NA,NA,NA,NA,NA,NA,B,NA,NA,NA,NA,NA,NA,NA,NA,NA,NA,NA,NA,NA,NA,NA,B,NA,A,NA,NA,NA,NA,NA,NA,NA,NA,NA,NA,NA,NA,NA,NA,NA,NA,NA,NA,NA,A,H,B,NA,A,NA,NA,H,H,NA,NA,NA,NA,NA,NA,NA,NA,NA,NA,NA,NA,NA,NA,NA,NA,NA,NA,NA,NA,NA,NA,NA,NA,NA,NA,NA,NA,NA,NA,NA,NA,NA,NA,NA,NA,NA,NA
52,NA,NA,NA,NA,NA,NA,NA,NA,NA,NA,NA,B,A,B,NA,C,C,C,B,C,A,B,B,B,NA,NA,NA,NA,NA,B,B,B,B,B,H,B,B,H,C,B,B,B,B,B,C,C,H,C,H,B,B,B,B,NA,NA,NA,NA,NA,NA,NA,NA,NA,H,H,H,C,B,B,C,H,H,B,B,C,B,B,B,B,B,B,C,NA,NA,H,NA,NA,H,NA,NA,H,H,NA,H,H,NA,B,C,NA,NA,H,H,NA,NA,D,A,A,NA,A,A,NA,NA,NA,NA,NA,A,A,A,H,A,H,D,A,A,A,H,H,H,A,NA,NA,NA,H,A,A,A,A,H,H,H,H,A,A,H,H,H,H,A,A,A,A,A,C,C,NA,NA,NA,B,B,B,B,B,NA,NA,B,B,B,B,B,B,B,B,H,H,H,H,H,H,NA,NA,NA,NA,NA,NA,NA,NA,NA,NA,NA,NA,NA,NA,NA,NA,NA,NA,NA,NA,NA,NA,NA,NA,NA,NA
70,NA,NA,NA,NA,NA,NA,NA,NA,NA,NA,NA,H,A,H,NA,C,C,C,H,A,A,A,A,NA,NA,NA,NA,NA,NA,A,A,A,A,H,H,A,A,A,A,A,A,A,A,H,C,C,H,C,H,A,A,A,NA,NA,NA,NA,NA,NA,NA,NA,NA,NA,H,H,H,A,A,H,C,H,H,A,A,A,A,A,A,A,A,H,A,NA,NA,H,NA,NA,B,NA,NA,B,B,NA,H,B,NA,B,C,NA,NA,B,B,NA,NA,C,C,C,NA,B,C,NA,NA,NA,NA,NA,H,H,H,A,A,A,D,A,A,A,A,A,A,H,NA,NA,NA,B,H,H,H,H,H,H,H,H,C,H,H,B,A,H,H,H,H,H,H,C,C,NA,NA,NA,B,B,B,B,B,NA,NA,B,B,B,H,B,B,B,B,B,B,B,B,B,B,NA,NA,NA,NA,NA,NA,NA,NA,NA,NA,NA,NA,NA,NA,NA,NA,NA,NA,NA,NA,NA,NA,NA,NA,NA,NA
66,NA,NA,NA,NA,NA,NA,NA,NA,NA,NA,NA,H,H,H,C,C,C,C,B,C,H,A,A,A,NA,NA,NA,NA,NA,A,A,A,A,A,A,A,A,A,A,A,A,A,A,A,A,A,A,A,A,A,A,A,H,NA,NA,NA,NA,NA,NA,NA,NA,NA,A,A,A,C,H,H,A,A,A,H,H,H,H,H,H,H,H,H,C,NA,NA,H,NA,NA,H,NA,NA,H,H,H,H,H,NA,C,C,H,NA,A,H,NA,NA,NA,C,C,NA,H,C,NA,NA,NA,NA,NA,B,B,B,B,B,B,B,B,B,B,B,B,B,H,NA,NA,NA,A,H,H,H,H,A,H,H,H,C,H,H,A,A,H,H,H,H,H,NA,A,C,NA,NA,NA,B,B,B,B,B,NA,NA,B,NA,B,B,H,B,B,B,B,B,B,B,B,B,NA,NA,NA,NA,NA,NA,NA,NA,NA,NA,NA,NA,NA,NA,NA,NA,NA,NA,NA,NA,NA,NA,NA,NA,NA,NA
42,NA,NA,NA,NA,NA,NA,NA,NA,NA,NA,NA,B,H,H,NA,C,C,C,H,C,H,B,B,H,NA,NA,NA,NA,NA,H,H,H,A,A,H,H,B,B,C,B,B,H,H,A,A,C,H,C,H,B,B,B,B,NA,NA,NA,NA,NA,NA,NA,NA,NA,H,H,H,C,B,B,C,H,C,B,B,B,B,B,B,NA,B,B,C,NA,D,D,NA,NA,H,NA,NA,NA,H,NA,D,H,NA,H,C,H,NA,H,H,D,NA,NA,C,C,NA,H,C,NA,NA,NA,NA,NA,H,B,B,H,H,H,B,H,H,NA,H,H,H,B,NA,NA,NA,H,B,B,B,B,B,B,B,B,C,B,B,H,A,B,B,B,B,H,B,C,C,NA,NA,NA,A,A,A,A,H,NA,NA,A,H,D,H,D,H,H,A,A,A,A,A,A,A,NA,NA,NA,NA,NA,NA,NA,NA,NA,NA,NA,NA,NA,NA,NA,NA,NA,NA,NA,NA,NA,NA,NA,NA,NA,NA
73,NA,NA,NA,NA,NA,NA,NA,NA,NA,NA,NA,H,B,B,C,C,C,C,A,C,B,A,A,A,NA,NA,NA,NA,NA,A,A,A,A,A,A,A,H,A,A,A,A,A,D,A,A,A,A,A,A,A,A,A,NA,NA,NA,NA,NA,NA,NA,NA,NA,NA,H,H,H,C,H,H,C,H,H,H,H,H,H,NA,H,NA,H,H,C,NA,B,H,NA,NA,A,NA,NA,NA,A,NA,A,A,NA,A,A,A,NA,A,A,D,NA,D,C,C,NA,B,C,NA,NA,NA,NA,NA,H,H,H,H,H,H,D,H,H,H,H,H,H,B,NA,NA,NA,B,B,B,B,B,B,B,B,B,C,B,B,B,B,B,B,B,B,B,B,C,C,NA,NA,NA,B,B,B,B,B,NA,NA,B,A,D,A,A,A,B,B,B,B,H,B,B,C,NA,NA,NA,NA,NA,NA,NA,NA,NA,NA,NA,NA,NA,NA,NA,NA,NA,NA,NA,NA,NA,NA,NA,NA,NA,NA
48,NA,NA,NA,NA,NA,NA,NA,NA,NA,NA,NA,B,NA,B,NA,NA,NA,NA,NA,NA,NA,B,B,B,NA,NA,NA,NA,NA,A,NA,H,NA,B,B,NA,NA,NA,NA,NA,NA,NA,NA,NA,NA,NA,NA,NA,NA,B,H,B,H,NA,NA,NA,NA,NA,NA,NA,NA,NA,B,NA,NA,NA,NA,NA,NA,NA,NA,NA,NA,NA,NA,NA,NA,NA,NA,NA,NA,NA,NA,NA,NA,NA,A,NA,NA,H,NA,NA,NA,NA,NA,NA,A,A,NA,NA,NA,NA,NA,NA,NA,NA,NA,NA,NA,NA,NA,NA,NA,NA,H,H,NA,NA,NA,B,NA,NA,NA,NA,NA,NA,NA,NA,NA,NA,NA,NA,NA,NA,H,NA,NA,NA,NA,NA,NA,NA,NA,NA,NA,NA,NA,NA,NA,NA,NA,NA,NA,NA,NA,NA,B,B,B,B,B,NA,NA,B,B,NA,NA,NA,NA,NA,NA,NA,NA,NA,NA,NA,NA,NA,NA,NA,NA,NA,NA,NA,NA,NA,NA,NA,NA,NA,NA,NA,NA,NA,NA,NA,NA,NA,NA,NA,NA,NA,NA
66,NA,NA,NA,NA,NA,NA,NA,NA,NA,NA,NA,H,A,H,A,C,C,C,H,C,A,A,A,A,NA,NA,NA,NA,NA,A,A,A,A,A,A,A,H,A,A,A,A,A,A,A,A,A,A,A,A,A,A,A,H,NA,NA,NA,NA,NA,NA,NA,NA,NA,H,A,A,C,H,A,A,A,NA,A,A,A,A,NA,A,NA,H,C,C,NA,B,NA,NA,NA,A,NA,NA,A,A,NA,A,A,NA,A,A,A,NA,D,H,D,NA,NA,C,C,NA,H,C,NA,NA,NA,NA,NA,B,H,H,B,B,B,D,B,B,B,B,B,B,H,NA,NA,NA,H,H,H,H,H,H,H,H,H,C,H,H,H,A,H,H,H,NA,H,D,C,C,NA,NA,NA,NA,B,B,B,B,NA,NA,B,B,B,C,B,B,C,B,B,B,H,B,H,H,NA,NA,NA,NA,NA,NA,NA,NA,NA,NA,NA,NA,NA,NA,NA,NA,NA,NA,NA,NA,NA,NA,NA,NA,NA,NA
70,NA,NA,NA,NA,NA,NA,NA,NA,NA,NA,NA,H,H,B,C,C,C,C,A,C,A,A,A,A,NA,NA,NA,NA,NA,A,A,A,A,A,A,A,A,A,A,A,A,NA,A,A,A,A,A,A,A,A,A,D,H,NA,NA,NA,NA,NA,NA,NA,NA,NA,A,H,H,C,H,H,C,H,NA,H,H,H,H,H,H,NA,H,H,C,NA,D,H,NA,NA,H,NA,NA,H,H,A,A,A,NA,A,A,A,NA,D,A,A,NA,NA,A,A,NA,A,A,NA,NA,NA,NA,NA,H,H,H,H,H,H,D,H,H,H,H,H,H,H,NA,NA,NA,A,H,B,H,A,NA,B,B,B,A,H,H,A,A,B,C,H,H,A,D,A,A,NA,NA,NA,B,B,B,B,B,NA,NA,B,B,B,C,C,B,B,B,H,B,B,B,B,C,NA,NA,NA,NA,NA,NA,NA,NA,NA,NA,NA,NA,NA,NA,NA,NA,NA,NA,NA,NA,NA,NA,NA,NA,NA,NA
45,NA,NA,NA,NA,NA,NA,NA,NA,NA,NA,NA,A,A,A,A,A,A,A,D,A,A,H,H,H,NA,NA,NA,NA,NA,H,H,H,H,H,H,H,H,H,C,H,H,H,H,H,C,C,B,C,B,H,H,H,B,NA,NA,NA,NA,NA,NA,NA,NA,NA,B,B,B,C,H,B,C,B,NA,B,B,B,B,B,B,H,H,H,C,NA,D,H,NA,NA,NA,NA,NA,A,A,A,A,A,NA,A,A,NA,NA,D,A,A,NA,D,A,C,NA,A,A,NA,NA,NA,NA,NA,B,H,H,H,H,H,D,H,H,H,H,H,H,H,NA,NA,NA,H,H,H,H,H,H,H,H,H,C,H,H,H,H,H,H,H,H,H,B,C,C,NA,NA,NA,NA,H,H,H,H,NA,NA,H,H,D,H,H,H,H,H,H,H,H,H,H,H,NA,NA,NA,NA,NA,NA,NA,NA,NA,NA,NA,NA,NA,NA,NA,NA,NA,NA,NA,NA,NA,NA,NA,NA,NA,NA
48,NA,NA,NA,NA,NA,NA,NA,NA,NA,NA,NA,B,B,NA,NA,NA,NA,NA,NA,NA,NA,NA,B,B,NA,NA,NA,NA,NA,NA,B,A,NA,B,B,NA,NA,NA,NA,NA,NA,NA,NA,NA,NA,NA,NA,NA,NA,C,H,B,B,NA,NA,NA,NA,NA,NA,NA,NA,NA,NA,NA,NA,NA,NA,NA,NA,NA,NA,NA,NA,NA,NA,NA,NA,NA,NA,NA,NA,NA,NA,NA,NA,NA,NA,NA,NA,B,NA,NA,NA,NA,NA,C,A,NA,NA,NA,NA,NA,NA,NA,NA,NA,NA,NA,NA,NA,NA,NA,NA,NA,NA,B,B,NA,NA,NA,NA,NA,NA,NA,NA,NA,NA,NA,NA,NA,NA,NA,NA,NA,B,NA,NA,NA,NA,NA,NA,NA,NA,NA,NA,NA,NA,NA,NA,NA,NA,NA,NA,NA,NA,NA,H,B,A,A,A,NA,NA,B,NA,NA,NA,NA,NA,NA,NA,NA,NA,NA,NA,NA,NA,NA,NA,NA,NA,NA,NA,NA,NA,NA,NA,NA,NA,NA,NA,NA,NA,NA,NA,NA,NA,NA,NA,NA,NA,NA,NA
39,NA,NA,NA,NA,NA,NA,NA,NA,NA,NA,NA,A,A,A,A,C,NA,NA,D,A,A,H,H,H,NA,NA,NA,NA,NA,H,H,H,H,H,H,H,H,H,C,H,H,H,H,H,C,C,NA,NA,B,H,H,H,A,NA,NA,NA,NA,NA,NA,NA,NA,NA,H,H,H,A,H,A,C,H,H,A,A,A,A,A,A,NA,A,H,A,NA,D,D,NA,NA,NA,NA,NA,A,A,H,A,A,NA,A,A,NA,NA,D,H,A,NA,NA,C,C,NA,H,C,NA,NA,NA,NA,NA,H,H,H,H,H,H,D,H,H,H,H,H,H,A,NA,NA,NA,A,A,A,A,A,A,A,A,A,A,A,A,A,A,C,A,A,A,A,A,A,A,NA,NA,NA,H,H,H,H,H,NA,NA,H,H,D,A,A,A,C,H,H,H,H,H,H,D,NA,NA,NA,NA,NA,NA,NA,NA,NA,NA,NA,NA,NA,NA,NA,NA,NA,NA,NA,NA,NA,NA,NA,NA,NA,NA
39,NA,NA,NA,NA,NA,NA,NA,NA,NA,NA,NA,H,H,B,C,C,C,C,B,C,H,B,B,B,NA,NA,NA,NA,NA,B,B,B,B,H,H,B,B,B,C,B,NA,B,B,H,C,C,H,C,H,NA,B,C,H,NA,NA,NA,NA,NA,NA,NA,NA,NA,H,H,H,C,A,H,C,NA,NA,H,H,NA,H,H,NA,D,C,NA,C,NA,B,NA,NA,NA,H,NA,NA,A,H,NA,H,H,NA,H,C,NA,NA,NA,A,NA,NA,NA,A,A,NA,A,A,NA,NA,NA,NA,NA,H,H,H,H,H,H,D,H,NA,H,H,H,H,B,NA,NA,NA,H,B,B,B,B,B,B,B,B,C,B,B,H,NA,NA,NA,NA,NA,B,NA,C,C,NA,NA,NA,H,H,H,H,H,NA,NA,H,H,B,B,NA,NA,NA,H,H,H,H,H,H,H,NA,NA,NA,NA,NA,NA,NA,NA,NA,NA,NA,NA,NA,NA,NA,NA,NA,NA,NA,NA,NA,NA,NA,NA,NA,NA
33,NA,NA,NA,NA,NA,NA,NA,NA,NA,NA,NA,B,H,H,C,A,C,C,H,C,H,H,NA,H,NA,NA,NA,NA,NA,H,H,H,H,H,A,H,H,H,C,H,H,H,H,H,C,A,A,A,A,H,H,H,NA,NA,NA,NA,NA,NA,NA,NA,NA,NA,A,A,NA,C,H,A,A,A,H,A,A,H,H,H,H,NA,H,B,C,NA,D,A,NA,NA,A,NA,NA,NA,A,D,A,H,NA,H,C,H,NA,D,H,D,NA,D,C,C,NA,H,C,NA,NA,NA,NA,NA,H,H,H,H,H,H,D,H,H,H,H,H,H,H,NA,NA,NA,H,H,H,H,H,H,H,H,H,C,H,H,H,H,H,H,H,H,H,D,C,C,NA,NA,NA,A,A,A,A,A,NA,NA,D,A,D,B,H,A,A,A,A,A,A,A,A,A,NA,NA,NA,NA,NA,NA,NA,NA,NA,NA,NA,NA,NA,NA,NA,NA,NA,NA,NA,NA,NA,NA,NA,NA,NA,NA
37,NA,NA,NA,NA,NA,NA,NA,NA,NA,NA,NA,A,A,A,A,A,A,A,NA,A,A,B,B,B,NA,NA,NA,NA,NA,B,B,B,B,B,B,B,B,B,C,B,B,B,B,B,C,C,B,C,B,B,B,B,H,NA,NA,NA,NA,NA,NA,NA,NA,NA,A,A,A,C,H,H,C,A,H,H,H,H,H,H,H,NA,H,H,C,NA,B,B,NA,NA,H,NA,NA,H,H,H,H,H,NA,H,C,H,NA,D,H,D,NA,D,A,A,NA,A,A,NA,NA,NA,NA,NA,B,B,B,H,H,H,B,H,H,H,H,H,H,A,NA,NA,NA,H,A,A,A,A,H,H,H,H,A,A,A,H,B,H,A,A,A,A,A,A,A,NA,NA,NA,H,H,H,H,H,NA,NA,H,H,D,H,H,H,H,H,H,H,H,H,H,H,NA,NA,NA,NA,NA,NA,NA,NA,NA,NA,NA,NA,NA,NA,NA,NA,NA,NA,NA,NA,NA,NA,NA,NA,NA,NA
35,NA,NA,NA,NA,NA,NA,NA,NA,NA,NA,NA,H,H,H,C,C,C,C,H,C,H,H,H,A,NA,NA,NA,NA,NA,A,A,A,A,A,A,A,B,B,C,H,H,A,A,A,A,A,A,A,A,H,H,D,B,NA,NA,NA,NA,NA,NA,NA,NA,NA,H,H,H,C,H,B,C,H,H,B,B,B,H,B,B,NA,H,H,C,NA,D,A,NA,NA,NA,NA,NA,H,H,H,A,A,NA,NA,A,A,NA,D,A,D,NA,D,C,C,NA,H,C,NA,NA,NA,NA,NA,A,A,A,A,A,A,D,A,A,H,A,A,A,H,NA,NA,NA,H,H,H,H,H,B,H,H,H,C,H,H,C,H,H,H,H,H,H,D,C,C,NA,NA,NA,H,H,A,A,A,NA,NA,H,A,D,H,H,H,A,H,H,H,H,H,H,H,NA,NA,NA,NA,NA,NA,NA,NA,NA,NA,NA,NA,NA,NA,NA,NA,NA,NA,NA,NA,NA,NA,NA,NA,NA,NA
61,NA,NA,NA,NA,NA,NA,NA,NA,NA,NA,NA,A,A,A,NA,A,A,A,B,A,A,A,A,A,NA,NA,NA,NA,NA,A,A,A,A,H,B,A,H,H,A,A,A,A,A,H,C,C,B,C,B,A,A,A,A,NA,NA,NA,NA,NA,NA,NA,NA,NA,H,H,H,A,NA,NA,C,H,H,D,H,H,A,A,A,NA,H,B,A,NA,D,H,NA,NA,H,NA,NA,H,H,H,H,H,NA,H,C,H,NA,H,A,H,NA,D,C,C,NA,H,C,NA,NA,NA,NA,NA,H,H,H,H,H,H,D,C,H,NA,H,H,H,H,NA,NA,NA,A,H,H,H,H,H,H,H,H,C,H,H,A,A,H,C,D,H,H,H,A,A,NA,NA,NA,B,B,B,B,B,NA,NA,B,H,D,H,H,H,B,B,B,B,B,B,B,B,NA,NA,NA,NA,NA,NA,NA,NA,NA,NA,NA,NA,NA,NA,NA,NA,NA,NA,NA,NA,NA,NA,NA,NA,NA,NA
52,NA,NA,NA,NA,NA,NA,NA,NA,NA,NA,NA,H,A,H,C,C,C,C,A,C,A,H,H,H,NA,NA,NA,NA,NA,H,H,H,H,H,H,H,H,H,C,H,H,H,H,H,C,C,H,C,H,H,H,H,H,NA,NA,NA,NA,NA,NA,NA,NA,NA,B,B,B,C,A,C,C,B,B,B,B,B,B,B,B,NA,B,B,C,NA,D,A,NA,NA,H,NA,NA,H,H,H,NA,H,NA,H,C,A,NA,D,A,H,NA,D,A,A,NA,B,C,NA,NA,NA,NA,NA,B,B,B,H,B,H,B,B,B,B,H,H,H,A,NA,NA,NA,H,A,A,A,A,H,A,A,A,A,NA,A,H,A,A,A,A,A,A,D,C,C,NA,NA,NA,NA,H,H,H,H,NA,NA,H,B,B,B,B,B,H,H,H,B,B,B,B,B,NA,NA,NA,NA,NA,NA,NA,NA,NA,NA,NA,NA,NA,NA,NA,NA,NA,NA,NA,NA,NA,NA,NA,NA,NA,NA
45,NA,NA,NA,NA,NA,NA,NA,NA,NA,NA,NA,H,H,H,C,C,C,C,B,C,H,H,H,H,NA,NA,NA,NA,NA,H,H,H,H,A,A,H,H,B,C,H,H,H,A,A,A,A,A,A,A,H,H,D,H,NA,NA,NA,NA,NA,NA,NA,NA,NA,H,B,H,C,B,H,C,B,B,H,H,H,H,H,H,NA,H,C,C,NA,B,B,NA,NA,B,NA,NA,B,B,B,B,B,NA,B,C,NA,NA,NA,B,B,NA,B,C,C,NA,B,C,NA,NA,NA,NA,NA,B,B,B,B,B,B,B,C,B,B,B,NA,B,H,NA,NA,NA,H,H,H,H,H,A,H,H,H,C,H,H,H,H,A,NA,NA,H,C,D,C,C,NA,NA,NA,NA,B,H,H,H,NA,NA,B,H,D,NA,H,H,H,B,B,B,B,B,H,H,NA,NA,NA,NA,NA,NA,NA,NA,NA,NA,NA,NA,NA,NA,NA,NA,NA,NA,NA,NA,NA,NA,NA,NA,NA,NA
66,NA,NA,NA,NA,NA,NA,NA,NA,NA,NA,NA,A,A,A,A,A,NA,NA,H,A,A,H,H,B,NA,NA,NA,NA,NA,B,B,B,B,B,B,B,H,H,C,H,H,B,H,B,C,C,B,NA,H,H,H,H,H,NA,NA,NA,NA,NA,NA,NA,NA,NA,A,A,H,C,H,H,C,H,H,H,H,H,H,H,H,NA,B,B,C,NA,B,B,NA,NA,B,NA,NA,B,B,B,C,B,NA,B,C,B,NA,NA,B,B,NA,H,C,C,NA,H,C,NA,NA,NA,NA,NA,H,H,H,B,H,B,D,H,B,B,B,B,B,A,NA,NA,NA,H,A,A,A,A,A,A,A,A,A,A,A,H,H,A,A,A,A,A,A,C,C,NA,NA,NA,NA,NA,B,B,B,NA,NA,B,B,B,B,B,B,B,B,B,B,B,B,B,B,NA,NA,NA,NA,NA,NA,NA,NA,NA,NA,NA,NA,NA,NA,NA,NA,NA,NA,NA,NA,NA,NA,NA,NA,NA,NA
39,NA,NA,NA,NA,NA,NA,NA,NA,NA,NA,NA,B,B,B,C,A,A,C,B,C,B,A,A,A,NA,NA,NA,NA,NA,A,A,A,A,A,H,A,H,C,A,A,A,A,A,A,NA,A,H,C,H,A,A,A,NA,NA,NA,NA,NA,NA,NA,NA,NA,NA,H,H,H,C,H,H,C,A,NA,D,H,H,H,H,D,H,H,H,NA,NA,D,A,NA,NA,NA,NA,NA,NA,H,NA,C,B,NA,B,C,B,NA,B,B,C,NA,C,NA,C,NA,B,C,NA,NA,NA,NA,NA,H,H,H,H,H,H,D,H,H,C,H,H,H,H,NA,NA,NA,H,H,H,H,H,H,B,B,A,C,H,B,A,A,B,H,H,H,C,D,NA,NA,NA,NA,NA,H,H,H,H,H,NA,NA,H,H,D,B,H,H,H,H,H,H,H,H,H,H,NA,NA,NA,NA,NA,NA,NA,NA,NA,NA,NA,NA,NA,NA,NA,NA,NA,NA,NA,NA,NA,NA,NA,NA,NA,NA
39,NA,NA,NA,NA,NA,NA,NA,NA,NA,NA,NA,H,H,H,C,C,C,C,H,C,H,B,B,B,NA,NA,NA,NA,NA,B,B,B,B,H,H,B,B,B,C,B,H,B,B,H,C,C,H,NA,H,B,B,B,A,NA,NA,NA,NA,NA,NA,NA,NA,NA,A,A,A,A,H,A,A,A,D,A,A,A,A,A,A,A,A,B,A,NA,B,B,NA,NA,B,NA,NA,NA,B,C,H,H,NA,H,C,B,NA,D,B,B,NA,C,C,C,NA,B,C,NA,NA,NA,NA,NA,H,H,H,H,H,H,D,H,H,H,H,H,H,A,NA,NA,NA,A,A,A,A,A,A,A,A,A,A,H,A,A,A,A,A,A,A,H,H,A,A,NA,NA,NA,A,A,H,H,H,NA,NA,A,H,B,H,H,H,H,A,H,H,H,H,H,H,NA,NA,NA,NA,NA,NA,NA,NA,NA,NA,NA,NA,NA,NA,NA,NA,NA,NA,NA,NA,NA,NA,NA,NA,NA,NA
48,NA,NA,NA,NA,NA,NA,NA,NA,NA,NA,NA,H,A,NA,NA,NA,NA,NA,NA,NA,NA,B,B,B,NA,NA,NA,NA,NA,NA,B,B,NA,B,H,NA,NA,NA,NA,NA,NA,NA,NA,NA,NA,NA,NA,NA,NA,B,NA,B,B,NA,NA,NA,NA,NA,NA,NA,NA,NA,B,NA,NA,NA,NA,C,NA,NA,NA,NA,NA,NA,NA,NA,NA,NA,NA,NA,NA,NA,NA,NA,NA,NA,B,NA,NA,B,NA,NA,NA,NA,NA,H,C,H,NA,NA,NA,NA,NA,NA,NA,NA,NA,NA,NA,NA,NA,NA,NA,NA,NA,B,B,NA,NA,NA,NA,NA,NA,NA,NA,NA,NA,B,NA,NA,NA,NA,NA,NA,NA,H,NA,NA,NA,NA,NA,NA,NA,NA,NA,NA,NA,NA,NA,NA,NA,NA,NA,NA,NA,NA,H,B,B,B,H,NA,NA,B,NA,NA,NA,NA,NA,NA,NA,NA,NA,NA,NA,NA,NA,NA,NA,NA,NA,NA,NA,NA,NA,NA,NA,NA,NA,NA,NA,NA,NA,NA,NA,NA,NA,NA,NA,NA,NA,NA,NA
59,NA,NA,NA,NA,NA,NA,NA,NA,NA,NA,NA,H,B,H,C,C,C,C,H,C,B,H,H,H,NA,NA,NA,NA,NA,H,H,H,H,B,B,H,B,H,C,H,NA,H,D,B,C,C,B,C,H,H,H,H,A,NA,NA,NA,NA,NA,NA,NA,NA,NA,NA,B,B,A,B,B,C,B,C,B,B,A,A,A,A,H,A,C,A,NA,B,B,NA,NA,NA,NA,NA,B,B,C,C,B,NA,B,C,B,NA,B,B,C,NA,C,A,A,NA,A,A,NA,NA,NA,NA,NA,B,B,B,B,B,B,B,B,B,B,B,B,B,H,NA,NA,NA,H,H,H,H,H,H,H,H,H,C,H,H,H,H,B,H,H,H,H,H,C,C,NA,NA,NA,B,B,B,B,B,NA,NA,B,B,B,H,B,B,B,B,B,B,B,B,C,B,NA,NA,NA,NA,NA,NA,NA,NA,NA,NA,NA,NA,NA,NA,NA,NA,NA,NA,NA,NA,NA,NA,NA,NA,NA,NA
45,NA,NA,NA,NA,NA,NA,NA,NA,NA,NA,NA,H,B,H,C,C,C,C,H,C,B,A,A,A,NA,NA,NA,NA,NA,A,A,A,A,A,B,A,H,NA,A,A,A,A,A,A,A,C,B,C,B,A,A,A,A,NA,NA,NA,NA,NA,NA,NA,NA,NA,H,H,H,A,A,B,C,D,NA,NA,H,H,H,A,H,A,A,B,A,NA,D,A,NA,NA,H,NA,NA,H,B,C,B,B,NA,B,C,B,NA,B,B,C,NA,C,C,C,NA,B,C,NA,NA,NA,NA,NA,H,H,H,H,H,H,D,H,C,NA,H,H,A,H,NA,NA,NA,B,H,H,H,H,A,H,H,H,C,H,H,B,H,B,A,H,H,C,D,C,C,NA,NA,NA,H,H,H,H,H,NA,NA,H,H,D,H,H,H,H,H,H,H,H,B,A,A,NA,NA,NA,NA,NA,NA,NA,NA,NA,NA,NA,NA,NA,NA,NA,NA,NA,NA,NA,NA,NA,NA,NA,NA,NA,NA
73,NA,NA,NA,NA,NA,NA,NA,NA,NA,NA,NA,H,H,H,C,C,C,C,H,C,H,A,A,A,NA,NA,NA,NA,NA,A,A,A,A,A,A,A,A,A,A,A,A,A,A,A,A,A,A,A,A,A,A,A,B,NA,NA,NA,NA,NA,NA,NA,NA,NA,B,B,B,C,A,B,C,B,B,B,B,B,B,B,B,B,B,H,C,NA,D,A,NA,NA,NA,NA,NA,H,H,C,H,H,NA,H,C,H,NA,H,H,C,NA,H,C,A,NA,H,C,NA,NA,NA,NA,NA,H,A,A,H,H,H,D,H,H,H,H,H,H,A,NA,NA,NA,H,H,A,A,H,H,A,A,A,C,H,A,H,H,A,H,H,A,H,NA,C,C,NA,NA,NA,B,B,B,B,B,NA,NA,B,B,D,H,H,H,B,B,B,B,B,B,C,B,NA,NA,NA,NA,NA,NA,NA,NA,NA,NA,NA,NA,NA,NA,NA,NA,NA,NA,NA,NA,NA,NA,NA,NA,NA,NA
37,NA,NA,NA,NA,NA,NA,NA,NA,NA,NA,NA,A,A,A,A,A,NA,NA,B,A,A,H,B,H,NA,NA,NA,NA,NA,H,H,H,H,H,H,H,B,B,C,B,B,H,D,H,C,C,H,NA,H,B,B,B,H,NA,NA,NA,NA,NA,NA,NA,NA,NA,A,H,H,C,B,H,A,A,H,H,H,H,H,H,H,H,H,A,C,NA,NA,A,NA,NA,NA,NA,NA,H,H,C,H,H,NA,NA,C,H,NA,H,H,H,NA,H,C,C,NA,A,A,NA,NA,NA,NA,NA,H,H,H,H,H,H,D,H,H,H,H,H,H,A,NA,NA,NA,H,A,A,A,A,A,A,A,A,A,A,A,H,H,A,A,A,A,A,D,C,A,NA,NA,NA,H,H,H,H,H,NA,NA,H,H,D,H,H,H,H,H,H,H,H,B,H,D,NA,NA,NA,NA,NA,NA,NA,NA,NA,NA,NA,NA,NA,NA,NA,NA,NA,NA,NA,NA,NA,NA,NA,NA,NA,NA
39,NA,NA,NA,NA,NA,NA,NA,NA,NA,NA,NA,B,B,B,C,C,C,A,B,C,B,H,H,H,NA,NA,NA,NA,NA,H,H,H,H,H,H,H,H,H,C,A,H,H,D,H,C,C,H,C,H,H,H,H,NA,NA,NA,NA,NA,NA,NA,NA,NA,NA,B,B,B,C,H,H,C,NA,B,H,H,H,H,H,H,H,H,H,C,NA,D,A,NA,NA,H,NA,NA,H,H,NA,H,H,NA,H,C,NA,NA,H,H,NA,NA,A,C,C,NA,A,A,NA,NA,NA,NA,NA,H,H,H,H,H,H,D,H,H,H,H,H,B,H,NA,NA,NA,A,H,H,H,H,H,NA,H,H,C,H,H,A,A,H,C,H,H,C,B,C,C,NA,NA,NA,H,H,H,H,H,NA,NA,H,H,D,H,H,H,H,H,H,H,H,H,H,D,NA,NA,NA,NA,NA,NA,NA,NA,NA,NA,NA,NA,NA,NA,NA,NA,NA,NA,NA,NA,NA,NA,NA,NA,NA,NA
33,NA,NA,NA,NA,NA,NA,NA,NA,NA,NA,NA,B,B,B,NA,C,C,C,H,C,B,H,H,H,NA,NA,NA,NA,NA,H,H,H,H,H,H,H,A,H,C,A,NA,H,H,H,C,C,H,C,H,H,H,H,NA,NA,NA,NA,NA,NA,NA,NA,NA,NA,H,H,H,C,H,H,C,H,H,H,H,H,H,NA,H,H,B,B,C,NA,D,C,NA,NA,A,NA,NA,NA,A,D,C,A,NA,A,A,A,NA,A,A,D,NA,A,A,A,NA,A,A,NA,NA,NA,NA,NA,H,H,H,H,H,H,D,H,H,H,H,H,H,A,NA,NA,NA,A,A,A,A,A,H,A,A,A,A,NA,A,A,A,H,A,A,A,B,A,A,A,NA,NA,NA,NA,A,A,A,A,NA,NA,A,A,D,D,A,A,A,A,A,A,H,A,H,H,NA,NA,NA,NA,NA,NA,NA,NA,NA,NA,NA,NA,NA,NA,NA,NA,NA,NA,NA,NA,NA,NA,NA,NA,NA,NA
41,NA,NA,NA,NA,NA,NA,NA,NA,NA,NA,NA,H,B,B,C,C,C,C,NA,NA,B,A,A,A,NA,NA,NA,NA,NA,A,A,A,A,A,H,A,B,A,A,A,NA,A,A,A,A,C,H,C,H,A,A,A,H,NA,NA,NA,NA,NA,NA,NA,NA,NA,H,A,A,C,H,H,A,A,H,H,H,B,B,C,B,NA,H,H,C,NA,D,H,NA,NA,H,NA,NA,A,B,H,H,H,NA,H,C,H,NA,H,D,D,NA,H,C,C,NA,A,C,NA,NA,NA,NA,NA,B,B,B,B,B,B,B,B,NA,B,B,B,B,H,NA,NA,NA,H,H,H,H,H,A,A,H,H,C,NA,H,H,H,H,H,H,H,H,C,C,C,NA,NA,NA,H,H,H,H,H,NA,NA,H,H,D,H,A,A,B,H,B,B,B,B,B,B,NA,NA,NA,NA,NA,NA,NA,NA,NA,NA,NA,NA,NA,NA,NA,NA,NA,NA,NA,NA,NA,NA,NA,NA,NA,NA
45,NA,NA,NA,NA,NA,NA,NA,NA,NA,NA,NA,H,B,H,C,A,A,A,NA,NA,B,H,H,H,NA,NA,NA,NA,NA,H,H,H,H,H,B,H,H,H,C,H,NA,H,D,H,C,C,B,C,H,H,H,H,B,NA,NA,NA,NA,NA,NA,NA,NA,NA,H,H,H,A,H,B,C,H,H,B,B,B,B,B,B,B,B,C,C,NA,D,A,NA,NA,A,NA,NA,A,A,NA,A,A,NA,A,A,NA,NA,A,A,D,NA,D,C,C,NA,H,C,NA,NA,NA,NA,NA,H,H,H,H,H,H,D,H,NA,H,H,H,H,B,NA,NA,NA,B,B,B,B,B,H,B,B,B,C,B,B,H,H,B,B,B,B,B,NA,C,C,NA,NA,NA,H,H,H,H,H,NA,NA,H,H,D,H,H,H,C,H,H,B,B,B,B,B,NA,NA,NA,NA,NA,NA,NA,NA,NA,NA,NA,NA,NA,NA,NA,NA,NA,NA,NA,NA,NA,NA,NA,NA,NA,NA
37,NA,NA,NA,NA,NA,NA,NA,NA,NA,NA,NA,B,H,H,C,C,C,C,H,C,B,A,H,A,NA,NA,NA,NA,NA,A,A,A,A,A,H,A,H,H,C,A,D,A,D,A,A,C,H,C,H,A,A,A,B,NA,NA,NA,NA,NA,NA,NA,NA,NA,B,B,B,C,H,H,C,H,B,H,H,C,H,H,B,H,B,C,C,NA,D,A,NA,NA,H,NA,NA,H,H,NA,H,H,NA,C,C,H,NA,H,H,NA,NA,NA,A,A,NA,H,C,NA,NA,NA,NA,NA,B,B,B,B,B,B,B,C,B,B,B,B,B,H,NA,NA,NA,H,H,H,H,H,B,H,H,H,A,H,H,H,H,H,C,D,H,D,NA,A,A,NA,NA,NA,A,A,A,A,A,NA,NA,A,A,D,A,H,A,A,A,H,A,A,A,A,A,NA,NA,NA,NA,NA,NA,NA,NA,NA,NA,NA,NA,NA,NA,NA,NA,NA,NA,NA,NA,NA,NA,NA,NA,NA,NA
41,NA,NA,NA,NA,NA,NA,NA,NA,NA,NA,NA,H,H,H,C,C,C,C,A,C,H,A,A,A,NA,NA,NA,NA,NA,A,A,A,A,A,A,A,H,A,A,A,D,A,A,A,A,A,A,A,A,A,A,A,H,NA,NA,NA,NA,NA,NA,NA,NA,NA,B,H,H,A,B,A,C,H,H,A,A,NA,A,A,D,H,A,H,A,NA,D,D,NA,NA,H,NA,NA,H,H,NA,NA,H,NA,H,C,NA,NA,H,H,NA,NA,NA,C,C,NA,H,C,NA,NA,NA,NA,NA,H,H,H,H,H,H,D,H,NA,H,H,H,H,H,NA,NA,NA,A,NA,H,H,H,H,H,H,H,C,H,A,A,A,H,C,D,H,H,NA,A,A,NA,NA,NA,H,H,H,H,H,NA,NA,H,H,D,H,H,A,H,H,H,H,H,H,B,B,NA,NA,NA,NA,NA,NA,NA,NA,NA,NA,NA,NA,NA,NA,NA,NA,NA,NA,NA,NA,NA,NA,NA,NA,NA,NA
48,NA,NA,NA,NA,NA,NA,NA,NA,NA,NA,NA,B,B,NA,NA,NA,NA,NA,NA,NA,NA,A,H,A,NA,NA,NA,NA,NA,A,A,A,A,B,H,NA,NA,NA,NA,NA,NA,NA,NA,NA,NA,NA,NA,NA,NA,A,A,A,NA,NA,NA,NA,NA,NA,NA,NA,NA,NA,A,A,A,NA,NA,A,NA,NA,NA,NA,NA,NA,NA,NA,NA,NA,NA,NA,NA,NA,NA,NA,NA,NA,H,NA,NA,H,NA,NA,NA,NA,NA,C,C,NA,NA,NA,NA,NA,NA,NA,NA,NA,NA,NA,NA,NA,NA,NA,NA,NA,H,B,B,NA,H,B,NA,NA,NA,NA,NA,NA,NA,NA,NA,NA,NA,NA,NA,B,B,B,NA,NA,NA,NA,NA,NA,NA,NA,NA,NA,NA,NA,NA,NA,NA,NA,NA,NA,NA,NA,B,H,B,B,H,NA,NA,B,C,NA,NA,NA,NA,NA,NA,NA,NA,NA,NA,NA,NA,NA,NA,NA,NA,NA,NA,NA,NA,NA,NA,NA,NA,NA,NA,NA,NA,NA,NA,NA,NA,NA,NA,NA,NA,NA,NA
48,NA,NA,NA,NA,NA,NA,NA,NA,NA,NA,NA,H,H,H,NA,NA,NA,NA,NA,NA,NA,H,H,B,NA,NA,NA,NA,NA,H,H,H,H,H,B,NA,NA,NA,NA,NA,NA,NA,NA,NA,NA,NA,NA,NA,NA,NA,NA,H,A,NA,NA,NA,NA,NA,NA,NA,NA,NA,A,A,A,NA,NA,A,NA,NA,NA,NA,NA,NA,NA,NA,NA,NA,NA,NA,NA,NA,NA,NA,NA,NA,A,NA,NA,A,NA,NA,NA,NA,NA,A,A,NA,NA,NA,NA,NA,NA,NA,NA,NA,NA,NA,NA,NA,NA,NA,NA,NA,B,H,H,B,B,B,NA,NA,NA,NA,NA,NA,NA,A,NA,NA,NA,H,A,A,A,A,A,NA,NA,NA,NA,NA,NA,NA,NA,NA,NA,NA,NA,NA,NA,NA,NA,NA,NA,NA,H,H,H,H,A,NA,NA,H,A,NA,NA,NA,NA,NA,NA,NA,NA,NA,NA,NA,NA,NA,NA,NA,NA,NA,NA,NA,NA,NA,NA,NA,NA,NA,NA,NA,NA,NA,NA,NA,NA,NA,NA,NA,NA,NA,NA
55,NA,NA,NA,NA,NA,NA,NA,NA,NA,NA,NA,H,B,B,C,C,C,C,B,NA,B,A,A,A,NA,NA,NA,NA,NA,A,A,A,A,A,H,A,H,C,A,A,D,A,A,A,A,C,H,C,H,A,A,A,H,NA,NA,NA,NA,NA,NA,NA,NA,NA,H,H,H,C,A,NA,C,NA,NA,H,H,NA,H,H,H,H,NA,C,C,NA,D,D,NA,NA,B,NA,NA,B,B,NA,B,B,NA,B,C,NA,NA,NA,B,NA,NA,NA,C,C,NA,B,C,NA,NA,NA,NA,NA,B,B,B,B,B,B,B,B,NA,B,B,B,B,B,NA,NA,NA,B,B,B,B,B,B,B,B,B,C,B,B,C,H,B,B,B,B,B,NA,C,C,NA,NA,NA,H,B,H,H,H,NA,NA,B,H,D,H,D,H,NA,B,B,B,B,B,H,H,NA,NA,NA,NA,NA,NA,NA,NA,NA,NA,NA,NA,NA,NA,NA,NA,NA,NA,NA,NA,NA,NA,NA,NA,NA,NA
39,NA,NA,NA,NA,NA,NA,NA,NA,NA,NA,NA,H,H,H,C,C,C,C,NA,NA,H,H,H,H,NA,NA,NA,NA,NA,H,H,H,H,H,H,H,H,C,C,NA,NA,H,NA,H,C,C,H,C,H,NA,D,NA,H,NA,NA,NA,NA,NA,NA,NA,NA,NA,A,A,A,C,H,H,A,D,NA,H,H,NA,H,H,NA,H,NA,NA,C,NA,B,NA,NA,NA,H,NA,NA,NA,H,NA,C,H,NA,H,C,NA,NA,NA,B,NA,NA,NA,C,C,NA,B,C,NA,NA,NA,NA,NA,H,H,H,H,H,H,D,H,NA,NA,H,H,NA,B,NA,NA,NA,A,B,B,B,B,B,B,B,B,C,B,B,A,A,B,B,B,B,B,NA,C,C,NA,NA,NA,H,H,H,H,H,NA,NA,H,H,D,H,NA,NA,NA,H,B,H,H,H,H,NA,NA,NA,NA,NA,NA,NA,NA,NA,NA,NA,NA,NA,NA,NA,NA,NA,NA,NA,NA,NA,NA,NA,NA,NA,NA,NA
41,NA,NA,NA,NA,NA,NA,NA,NA,NA,NA,NA,A,A,A,A,A,C,C,NA,NA,A,A,A,A,NA,NA,NA,NA,NA,A,A,A,A,A,A,A,A,NA,A,NA,NA,NA,NA,A,A,A,A,C,D,NA,D,NA,B,NA,NA,NA,NA,NA,NA,NA,NA,NA,H,H,H,C,H,B,C,NA,NA,C,B,C,B,NA,NA,B,NA,NA,C,NA,B,NA,NA,NA,B,NA,NA,B,H,NA,NA,H,NA,H,C,NA,NA,NA,NA,NA,NA,NA,C,C,NA,H,C,NA,NA,NA,NA,NA,H,H,H,H,H,H,D,NA,NA,NA,H,H,H,B,NA,NA,NA,H,B,B,B,B,B,B,B,B,C,B,B,A,A,B,D,B,B,C,NA,C,C,NA,NA,NA,NA,H,H,H,H,NA,NA,H,H,D,H,NA,NA,NA,H,NA,H,C,C,H,D,NA,NA,NA,NA,NA,NA,NA,NA,NA,NA,NA,NA,NA,NA,NA,NA,NA,NA,NA,NA,NA,NA,NA,NA,NA,NA
54,NA,NA,NA,NA,NA,NA,NA,NA,NA,NA,NA,H,H,H,C,C,C,C,H,C,H,H,H,B,NA,NA,NA,NA,NA,H,H,H,H,H,H,H,NA,C,C,D,H,H,H,H,C,C,H,C,A,H,H,H,H,NA,NA,NA,NA,NA,NA,NA,NA,NA,B,B,B,A,B,B,C,B,B,B,B,C,H,H,H,H,A,C,A,NA,D,D,NA,NA,H,NA,NA,H,H,NA,H,H,NA,H,C,H,NA,H,H,NA,NA,NA,C,C,NA,B,NA,NA,NA,NA,NA,NA,H,H,H,B,H,B,D,H,C,B,B,B,B,A,NA,NA,NA,A,A,A,A,A,A,NA,A,A,NA,A,A,A,A,H,A,NA,A,D,NA,A,A,NA,NA,NA,B,B,B,B,B,NA,NA,B,NA,NA,B,B,B,NA,B,B,B,D,B,B,B,NA,NA,NA,NA,NA,NA,NA,NA,NA,NA,NA,NA,NA,NA,NA,NA,NA,NA,NA,NA,NA,NA,NA,NA,NA,NA
41,NA,NA,NA,NA,NA,NA,NA,NA,NA,NA,NA,H,H,H,C,C,C,C,H,NA,H,A,A,A,NA,NA,NA,NA,NA,A,A,A,A,A,A,A,A,A,A,A,A,NA,A,A,A,A,A,A,A,A,A,A,B,NA,NA,NA,NA,NA,NA,NA,NA,NA,B,B,B,C,NA,H,C,H,B,H,H,C,H,H,H,H,H,B,C,NA,D,D,NA,NA,H,NA,NA,H,H,NA,H,H,NA,H,C,H,NA,D,H,NA,NA,NA,C,C,NA,H,C,NA,NA,NA,NA,NA,H,H,H,H,H,H,D,H,C,H,H,H,H,H,NA,NA,NA,H,H,H,H,H,H,H,H,H,C,H,H,H,H,B,H,C,H,H,NA,C,C,NA,NA,NA,B,B,H,H,H,NA,NA,B,H,D,H,H,H,H,B,B,B,B,B,B,B,NA,NA,NA,NA,NA,NA,NA,NA,NA,NA,NA,NA,NA,NA,NA,NA,NA,NA,NA,NA,NA,NA,NA,NA,NA,NA
37,NA,NA,NA,NA,NA,NA,NA,NA,NA,NA,NA,H,A,H,NA,C,C,C,H,NA,A,H,H,NA,NA,NA,NA,NA,NA,H,H,H,H,H,H,H,B,C,C,H,H,H,D,H,C,C,B,C,B,NA,H,B,NA,NA,NA,NA,NA,NA,NA,NA,NA,NA,A,A,A,C,H,A,A,A,NA,A,A,C,H,H,NA,H,H,H,C,NA,D,D,NA,NA,NA,NA,NA,NA,A,NA,A,A,NA,NA,A,A,NA,D,H,NA,NA,NA,A,A,NA,A,A,NA,NA,NA,NA,NA,H,B,B,A,A,A,B,A,A,A,A,A,A,H,NA,NA,NA,H,H,H,H,H,A,A,A,A,C,H,NA,H,H,H,A,C,H,H,NA,C,C,NA,NA,NA,H,H,H,H,H,NA,NA,NA,H,D,B,A,B,H,H,H,H,D,H,H,H,NA,NA,NA,NA,NA,NA,NA,NA,NA,NA,NA,NA,NA,NA,NA,NA,NA,NA,NA,NA,NA,NA,NA,NA,NA,NA
48,NA,NA,NA,NA,NA,NA,NA,NA,NA,NA,NA,B,NA,NA,NA,NA,NA,NA,NA,NA,NA,B,B,NA,NA,NA,NA,NA,NA,B,B,NA,H,B,H,NA,NA,NA,NA,NA,NA,NA,NA,NA,NA,NA,NA,NA,NA,B,B,B,B,NA,NA,NA,NA,NA,NA,NA,NA,NA,NA,NA,NA,NA,NA,H,NA,NA,NA,NA,NA,NA,NA,NA,NA,NA,NA,NA,NA,NA,NA,NA,NA,NA,B,NA,NA,H,NA,NA,NA,NA,NA,H,C,H,NA,NA,NA,NA,NA,NA,NA,NA,NA,NA,NA,NA,NA,NA,NA,NA,NA,H,NA,NA,A,NA,NA,NA,NA,NA,NA,NA,NA,B,NA,NA,NA,H,NA,NA,B,NA,NA,NA,NA,NA,NA,NA,NA,NA,NA,NA,NA,NA,NA,NA,NA,NA,NA,NA,NA,NA,H,H,A,A,A,NA,NA,B,H,NA,NA,NA,NA,NA,NA,NA,NA,NA,NA,NA,NA,NA,NA,NA,NA,NA,NA,NA,NA,NA,NA,NA,NA,NA,NA,NA,NA,NA,NA,NA,NA,NA,NA,NA,NA,NA,NA
39,NA,NA,NA,NA,NA,NA,NA,NA,NA,NA,NA,NA,NA,A,A,A,A,A,H,A,A,H,H,H,NA,NA,NA,NA,NA,H,H,H,H,H,B,H,A,NA,C,H,NA,H,D,H,C,C,H,NA,B,C,H,NA,H,NA,NA,NA,NA,NA,NA,NA,NA,NA,H,H,H,C,H,H,C,D,NA,H,H,NA,H,NA,C,H,C,C,C,NA,D,NA,NA,NA,B,NA,NA,B,B,NA,C,B,NA,B,C,B,NA,B,B,NA,NA,NA,C,C,NA,H,C,NA,NA,NA,NA,NA,H,H,H,H,H,H,D,H,NA,H,H,H,H,B,NA,NA,NA,H,B,B,B,H,H,B,B,B,C,B,B,H,H,B,D,B,B,H,NA,C,C,NA,NA,NA,H,H,A,H,A,NA,NA,H,A,D,A,D,A,A,H,A,H,C,C,A,A,NA,NA,NA,NA,NA,NA,NA,NA,NA,NA,NA,NA,NA,NA,NA,NA,NA,NA,NA,NA,NA,NA,NA,NA,NA,NA
59,NA,NA,NA,NA,NA,NA,NA,NA,NA,NA,NA,H,B,B,C,C,C,C,H,C,H,H,H,H,NA,NA,NA,NA,NA,H,H,H,H,H,H,H,H,C,NA,H,H,H,D,H,C,A,A,NA,A,H,H,H,H,NA,NA,NA,NA,NA,NA,NA,NA,NA,B,B,NA,C,H,H,C,H,H,H,H,H,H,H,D,A,H,H,C,NA,D,H,NA,NA,H,NA,NA,H,B,NA,C,B,NA,B,C,B,NA,B,B,NA,NA,NA,C,C,NA,B,C,NA,NA,NA,NA,NA,A,A,A,H,A,H,D,C,B,B,B,B,B,A,NA,NA,NA,H,A,A,A,NA,A,H,H,H,C,NA,H,H,H,H,H,H,H,H,NA,C,C,NA,NA,NA,B,B,B,B,B,NA,NA,B,B,B,B,C,B,B,B,B,B,B,B,B,B,NA,NA,NA,NA,NA,NA,NA,NA,NA,NA,NA,NA,NA,NA,NA,NA,NA,NA,NA,NA,NA,NA,NA,NA,NA,NA
59,NA,NA,NA,NA,NA,NA,NA,NA,NA,NA,NA,A,A,A,A,A,A,A,A,A,A,H,H,H,NA,NA,NA,NA,NA,H,H,H,H,H,H,H,H,A,C,H,H,H,NA,H,C,C,H,C,B,C,H,D,B,NA,NA,NA,NA,NA,NA,NA,NA,NA,H,H,H,C,H,B,C,D,B,C,B,NA,B,B,NA,B,B,B,C,NA,D,H,NA,NA,H,NA,NA,H,H,NA,C,B,NA,B,C,NA,NA,B,B,NA,NA,NA,C,C,NA,B,C,NA,NA,NA,NA,NA,B,B,B,B,B,B,B,NA,C,B,B,B,B,H,NA,NA,NA,A,H,A,H,H,H,A,A,A,C,H,A,A,A,A,H,H,H,H,NA,A,A,NA,NA,NA,B,B,B,NA,B,NA,NA,B,H,D,H,C,H,B,B,B,B,H,B,B,B,NA,NA,NA,NA,NA,NA,NA,NA,NA,NA,NA,NA,NA,NA,NA,NA,NA,NA,NA,NA,NA,NA,NA,NA,NA,NA
37,NA,NA,NA,NA,NA,NA,NA,NA,NA,NA,NA,H,H,H,C,C,A,A,NA,C,H,H,H,H,NA,NA,NA,NA,NA,H,H,H,H,H,H,H,A,H,C,H,H,H,H,H,C,C,H,A,H,H,H,H,B,NA,NA,NA,NA,NA,NA,NA,NA,NA,A,H,H,C,H,B,C,H,H,B,B,C,H,B,B,NA,C,H,C,NA,B,H,NA,NA,H,NA,NA,H,H,NA,D,H,NA,H,A,NA,NA,D,A,NA,NA,NA,A,C,NA,A,A,NA,NA,NA,NA,NA,B,B,B,B,B,B,B,NA,C,B,B,B,H,H,NA,NA,NA,B,H,H,H,H,H,H,H,H,C,H,H,B,H,H,H,H,H,H,NA,C,C,NA,NA,NA,A,A,A,NA,A,NA,NA,H,NA,D,D,A,A,H,H,H,H,H,H,H,H,NA,NA,NA,NA,NA,NA,NA,NA,NA,NA,NA,NA,NA,NA,NA,NA,NA,NA,NA,NA,NA,NA,NA,NA,NA,NA
39,NA,NA,NA,NA,NA,NA,NA,NA,NA,NA,NA,B,H,H,C,C,C,C,NA,C,H,H,H,H,NA,NA,NA,NA,NA,H,H,H,B,B,B,H,H,C,C,NA,H,H,D,B,C,C,B,C,B,H,D,H,B,NA,NA,NA,NA,NA,NA,NA,NA,NA,B,B,B,C,H,B,C,H,B,B,B,C,B,B,NA,B,B,H,C,NA,D,D,NA,NA,H,NA,NA,B,B,NA,C,B,NA,B,C,NA,NA,B,H,NA,NA,NA,C,C,NA,H,C,NA,NA,NA,NA,NA,H,B,B,NA,H,H,D,NA,C,H,H,H,H,NA,NA,NA,NA,A,B,B,B,B,B,B,B,B,C,B,B,A,A,B,B,B,B,H,NA,C,C,NA,NA,NA,A,A,H,H,H,NA,NA,A,H,D,H,NA,H,H,A,A,A,A,A,H,H,NA,NA,NA,NA,NA,NA,NA,NA,NA,NA,NA,NA,NA,NA,NA,NA,NA,NA,NA,NA,NA,NA,NA,NA,NA,NA
54,NA,NA,NA,NA,NA,NA,NA,NA,NA,NA,NA,H,B,B,C,C,A,A,B,C,B,H,H,H,NA,NA,NA,NA,NA,H,H,H,H,H,H,H,B,C,C,NA,H,H,H,H,C,C,H,A,H,H,H,H,H,NA,NA,NA,NA,NA,NA,NA,NA,NA,B,B,B,C,H,B,C,C,B,B,B,C,B,H,NA,H,B,D,C,NA,NA,NA,NA,NA,H,NA,NA,NA,B,NA,A,H,NA,H,C,NA,NA,H,H,NA,NA,NA,A,NA,NA,A,A,NA,NA,NA,NA,NA,A,A,A,H,A,H,D,NA,NA,A,H,H,H,A,NA,NA,NA,H,A,A,A,A,A,A,A,A,A,A,A,H,H,A,A,A,A,A,NA,A,A,NA,NA,NA,B,B,B,B,B,NA,NA,B,B,B,C,C,B,B,B,B,B,B,B,D,H,NA,NA,NA,NA,NA,NA,NA,NA,NA,NA,NA,NA,NA,NA,NA,NA,NA,NA,NA,NA,NA,NA,NA,NA,NA,NA
